01,https://www.smashingmagazine.com/2010/07/what-do-we-really-mean-by-art/
02,https://www.theartstory.org/movement/art-deco/
03,https://www.theartstory.org/movement/earth-art/
04,https://www.theartstory.org/artist/da-vinci-leonardo/
05,https://www.theartstory.org/artist/dali-salvador/
06,https://www.theartstory.org/movement/conceptual-art/
07,https://www.theartstory.org/movement/impressionism/
08,https://www.theartstory.org/movement/high-renaissance/
09,https://www.theartstory.org/definition/formalism/
10,https://www.theartstory.org/movement/street-art/