﻿01.txt,https://www.sciencedirect.com/science/article/abs/pii/S1558787807002274?casa_token=CW8ffiBj87gAAAAA:qZynWWyiJyQsZGR6DyL-D1pv3HofSX_uWb3S0VMI9qCSfy6RKUYWyXU7hlbXBgk605NUdzdO4Dc,https://www.sciencedirect.com/science/article/abs/pii/S0006320709004133
02.txt,https://www.frontiersin.org/journals/microbiology/articles/10.3389/fmicb.2020.01266/full,
03.txt,https://journals.plos.org/plospathogens/article?id=10.1371/journal.ppat.1009373,
04.txt,https://parasitesandvectors.biomedcentral.com/articles/10.1186/s13071-021-05111-8,
05.txt,https://www.frontiersin.org/articles/10.3389/fvets.2020.00134/full,
06.txt,https://www.sciencedirect.com/science/article/pii/S2351989420307393,
07.txt,https://journals.plos.org/plosone/article?id=10.1371/journal.pone.0230999&ref=petfeed-pet-care-tips-how-to-guides-funny-stories-comics-and-videos,
08.txt,https://link.springer.com/article/10.1007/s10071-021-01530-3?fbclid=IwAR2LkQ2S-rKZxsHl0PlJyGzR0dgd7Rfss7eAPIuRtIzIhSHAJpKsjemW8h8,
09.txt,https://zslpublications.onlinelibrary.wiley.com/doi/pdfdirect/10.1017/S0952836905006771?casa_token=qPdyeT3iT7wAAAAA:GljRthwqPdPThwa2wF9DLOHwe5n6twSNvvwfTgRd182h7RbU1CKuExUFhM56LEsg0T0soBP5tdd04pQbXA,
10.txt,https://www.ncbi.nlm.nih.gov/pmc/articles/PMC7278448/,https://www.nature.com/articles/s41598-020-73426-0