"1,https://link.springer.com/article/10.1007/s11205-014-0747-y"
"2,https://repub.eur.nl/pub/8753/"
"3,https://link.springer.com/article/10.1007/s10902-006-9042-1"
"4,https://www.nber.org/system/files/working_papers/w14220/w14220.pdf"
"5,https://nyaspubs.onlinelibrary.wiley.com/doi/full/10.1111/nyas.13983"
"6,https://www.nber.org/system/files/working_papers/w17327/w17327.pdf"
"7,https://link.springer.com/article/10.1007/s42001-020-00069-6"
"8,http://mentalhealthsciences.com/publications/pdf/10-1177-0956797619849666.pdf"
"9,https://citiesbeautiful.org/system/files/Understanding%20the%20Pursuit%20of%20Happiness%20in%20Ten%20Major%20Cities.pdf"
"10,https://www.econstor.eu/bitstream/10419/127590/1/cedlas-wp-074.pdf"