01,https://www.atd-fourthworld.org/questions-of-knowledge-and-epistemic-injustice/?gad_source=1&gclid=CjwKCAiAi6uvBhADEiwAWiyRdrCiwS3eoLAOsx6cvj6cKalFWSXH4rd7RbRNcH-i6QJBfkiaGaCdKRoCnvgQAvD_BwE
02,https://www.newyorker.com/culture/persons-of-interest/how-lea-ypi-defines-freedom
03,https://www.newyorker.com/culture/annals-of-inquiry/when-philosophers-become-therapists
04,https://www.newyorker.com/culture/cultural-comment/jon-fosse-the-nobel-prize-and-the-art-of-what-cant-be-named
05,https://www.newyorker.com/culture/the-weekend-essay/the-case-against-travel
06,https://www.newyorker.com/culture/annals-of-inquiry/the-philosopher-who-believes-in-living-things
07,https://www.newyorker.com/culture/annals-of-inquiry/a-philosophy-professors-final-class
08,https://www.newyorker.com/science/elements/why-do-we-obey-rules
09,https://www.newyorker.com/culture/annals-of-inquiry/how-close-is-humanity-to-the-edge
10,https://www.newyorker.com/books/under-review/max-weber-the-professor-and-the-politician