01,https://www.sciencedirect.com/science/article/pii/S0006320723004603
02,https://www.sciencedirect.com/science/article/pii/S2351989424000301
03,https://www.sciencedirect.com/science/article/pii/S0264275123004729
04,https://www.sciencedirect.com/science/article/pii/S0006320723003786
05,https://www.sciencedirect.com/science/article/pii/S0006320723003567
06,https://www.sciencedirect.com/science/article/pii/S0006320723005013
07,https://www.sciencedirect.com/science/article/pii/S2666719324000207
08,https://www.sciencedirect.com/science/article/pii/S2351989423002652
09,https://www.sciencedirect.com/science/article/pii/S1574954123002868
10,https://www.sciencedirect.com/science/article/pii/S0378112722006624
