"https://assignology.com/comparison-of-vitamin-c-levels-in-different-vegetables-and-the-effects-of-processing-fresh-frozen-and-canned/




",,,,
"https://assignology.com/acculturation-and-eating-disorders-in-western-countries/
",,,,
https://assignology.com/the-achievements-in-the-medicine-diabetes-downs-syndrome-huntingtons-disease/,,,,
"https://assignology.com/health-literacy-and-chinese-americans/
",,,,
"https://assignology.com/the-effectiveness-of-school-based-obesity-prevention-programs/
",,,,
https://assignology.com/addressing-childhood-obesity-literature-review/,,,,
"https://assignology.com/nutrition-management-of-children-with-attention-deficit-hyperactivity-disorder/

",,,,
"https://assignology.com/sexual-health-issues-with-lesbian-and-gay-patients/



",,,,
https://assignology.com/obesity-in-childhood-and-its-long-life-impacts/,,,,
https://assignology.com/improving-medication-errors-in-the-kuwaiti-government-hospitals-through-training/,,,,