01,https://www.ncbi.nlm.nih.gov/pmc/articles/PMC7700832/,,,,,,,,,,,,,,,,,
02,https://link-springer-com.ezproxy.lib.hkmu.edu.hk/article/10.1007/s10728-023-00463-x,,,,,,,,,,,,,,,,,
03,https://permanent.fdlp.gov/lps54784/2012/sr10_258.pdf,,,,,,,,,,,,,,,,,
04,https://africa-health.com/wp-content/uploads/2023/12/AHJ-October-2023-Final-16-Dec_compressed.pdf,,,,,,,,,,,,,,,,,
05,https://www.ihep.jp/wp-content/uploads/2022/10/APJVol5No1-2.pdf#pagemode=thumbs,,,,,,,,,,,,,,,,,
06,https://www.helpguide.org/articles/healthy-living/the-mental-health-benefits-of-exercise.htm,,,,,,,,,https://www.ncbi.nlm.nih.gov/pmc/articles/PMC9902068/,,,,,,,,
07,https://www.mentalhealth.org.uk/explore-mental-health/publications/how-look-after-your-mental-health-using-exercise,,,,,,,,,,,https://www.publichealthinafrica.org/jphia/article/view/2678/1313,,,,,,https://www.publichealthinafrica.org/jphia/article/view/2864/1245
08,https://www.publichealthinafrica.org/jphia/article/view/2592/1307,,,,,,https://www.publichealthinafrica.org/jphia/article/view/2700/1204,,,,,,,,,,,
09,https://www.publichealthinafrica.org/jphia/article/view/2749/1336,,,,,,https://www.publichealthinafrica.org/jphia/article/view/2430/1305,,,,,,,,,,,
10,https://www.jahonline.org/article/S1054-139X(20)30592-9/fulltext,,,,,,,,,,,,,,,,,
