01,https://en.wikipedia.org/wiki/Rice,https://en.wikipedia.org/wiki/Artificial_rice,
02,https://en.wikipedia.org/wiki/Bread,https://en.wikipedia.org/wiki/White_bread,
03,https://www.sciencedirect.com/science/article/pii/S2352618116300828#bib7,https://www.linkedin.com/pulse/nutritional-health-aspects-instant-noodles-tulsi-ram-khanal,
04,https://en.wikipedia.org/wiki/Potato,,
05,https://en.wikipedia.org/wiki/Maize,,
06,https://en.wikipedia.org/wiki/Cake,https://en.wikipedia.org/wiki/Butter_cake,https://en.wikipedia.org/wiki/Sponge_cake
07,https://en.wikipedia.org/wiki/Candy,https://en.wikipedia.org/wiki/Sugar_candy,
08,https://en.wikipedia.org/wiki/Juice,https://en.wikipedia.org/wiki/Cranberry,
09,https://en.wikipedia.org/wiki/Honey,,
10,https://en.wikipedia.org/wiki/Soft_drink,https://en.wikipedia.org/wiki/Cola,
