﻿01.text,https://www.annualreviews.org/doi/full/10.1146/annurev-publhealth-032013-182443
02.text,https://www.mdpi.com/1660-4601/10/3/913
03.text,https://www.scielo.br/j/asoc/a/k8z4sfQzsxXpSpDn98Hqh4N/?lang=en&format=html
04.text,https://www.annualreviews.org/doi/10.1146/annurev-publhealth-032013-182443
05.text,https://www.ncbi.nlm.nih.gov/pmc/articles/PMC10447232/
06.text,https://www.ncbi.nlm.nih.gov/pmc/articles/PMC3709294/
07.text,https://www.ncbi.nlm.nih.gov/pmc/articles/PMC3709294/
08.text,https://www.ncbi.nlm.nih.gov/pmc/articles/PMC5744722/
09.text,https://www.ncbi.nlm.nih.gov/pmc/articles/PMC6656547/
10.text,https://www.ncbi.nlm.nih.gov/pmc/articles/PMC5580568/
