1,"https://w.wiki/3ksq ,  https://www.techtarget.com/searchdatacenter/definition/IT"
2,https://w.wiki/3hnL
3,https://link.springer.com/article/10.1007/s10796-014-9492-7
4,https://www.simplilearn.com/tutorials/blockchain-tutorial/blockchain-technology
5,https://www.britannica.com/technology/artificial-intelligence/Is-artificial-general-intelligence-AGI-possible
6,https://www.techopedia.com/definition/626/information-technology-it �� https://www.knowledgehut.com/blog/others/what-is-information-technology
7,"https://www.ibm.com/topics/internet-of-things, https://www.mckinsey.com/featured-insights/mckinsey-explainers/what-is-the-internet-of-things"
8,https://www.britannica.com/technology/virtual-reality/Living-in-virtual-worlds
9,"https://www.simplilearn.com/tutorials/artificial-intelligence-tutorial/what-is-virtual-reality,https://www.marxentlabs.com/what-is-virtual-reality/"
10,https://w.wiki/3qA4
