﻿1,https://ieeexplore-ieee-org.ezproxy.lib.hkmu.edu.hk/document/9374648
2,https://go-gale-com.ezproxy.lib.hkmu.edu.hk/ps/i.do?p=AONE&u=hkmu&id=GALE%7CA573339743&v=2.1&it=r
3,https://academic.oup.com/nar/article/46/16/e96/5033156?login=false
4,https://journals.biologists.com/dev/article-pdf/140/13/2828/1162533/2828.pdf
5,https://hkmu.primo.exlibrisgroup.com/view/action/uresolver.do?operation=resolveService&package_service_id=3048856690008061&institutionId=8061&customerId=8060&VE=true
6,https://ieeexplore-ieee-org.ezproxy.lib.hkmu.edu.hk/stamp/stamp.jsp?tp=&arnumber=4373329
7,https://ieeexplore-ieee-org.ezproxy.lib.hkmu.edu.hk/document/6108306
8,https://academic.oup.com/bioinformatics/article/31/10/1536/177080?login=false
9,https://ieeexplore-ieee-org.ezproxy.lib.hkmu.edu.hk/document/6324418
10,https://ieeexplore-ieee-org.ezproxy.lib.hkmu.edu.hk/document/7265040