01,https://www.scielo.br/j/bjpp/a/w6h9DQ3HB9B4JPXr6tHJYVv/?lang=en
02,https://www.scielo.br/j/bjpp/a/38pdpT9SJjNYhhPGvh93ryt/?lang=en
03,https://www.scielo.br/j/bjpp/a/xSBXnvrDDczyDbBtzspGs3v/?lang=en
04,https://www.scielo.br/j/bjpp/a/cbSqnBPFFvhRTvKFm6WNQWC/
05,https://www.scielo.br/j/bjpp/a/sLcktB9RbKvXRPMmy4kjtfC/?lang=en
06, https://www.scielo.br/j/bjpp/a/CxBgpsX6cpbrtNmHSFmqJXK/?lang=en
07,https://www.scielo.br/j/bjpp/a/8wMynhCfnpVk67CFvjqynzx/?lang=en
08,https://www.scielo.br/j/bjpp/a/5fhBPNKL9cmRQkMDkdC9Pzw/?lang=en
09,https://www.scielo.br/j/bjpp/a/LJqJwj5XQ7wZPHBbXwTBDPJ/?lang=en
10,https://www.scielo.br/j/bjpp/a/McbwmyyVywqF43jWVw6Ww9Q/?lang=en
