﻿1,https://doi.org/10.1016/j.ijhm.2011.09.003
2,https://d1wqtxts1xzle7.cloudfront.net/32155059/GREEN_HO-libre.PDF?1392418101=&response-content-disposition=inline%3B+filename%3DGREEN_HOTELS_Opportunities_and_Resources.pdf&Expires=1710481829&Signature=Kq1kpu--BR0Y6WoekH594srZhKp-hfTK283C-tOeeE6GVq0UTrwYy6H1cORYZ32UXUNGyJiKfW0biXQJaLwaQRi5Er-I~l0bBnLBcM7OVrAE1Zuzyz37iVLEf-NZrYbAd8nC6Lpb0jJ3fRYWxIm8UR-uIJTTyiwoIs34agYnRw9oJsVDb0nlHs~ffTFCiFtVZBL4bWX2SvCFjlkOa1ab3rkTuCa2QrYLJoNO70aSl-5cCsZhfBsilK2sQXOt7dcEpf4a2fJCY2F20AqOz3zCrpx7309Je1u1-ev04dlhhzBbFHlF-PcLW-xIgKlP7rkZm7Ef-7mAqkctzIhb7rO97g__&Key-Pair-Id=APKAJLOHF5GGSLRBV4ZA,https://scholarworks.gvsu.edu/cgi/viewcontent.cgi?article=1032&context=jti
3,https://doi.org/10.1016/j.ijhm.2013.08.007
4,https://doi.org/10.1016/S0160-7383(99)00104-8
5,https://doi.org/10.1016/j.ijhm.2011.11.005
6,https://doi.org/10.1016/j.ijhm.2008.09.002
7,https://doi.org/10.1016/j.ijhm.2016.06.010
8,https://www.hvs.com/staticcontent/library/nyu2010/Journal/articles/SocialMediaIn2010.pdf
9,https://doi.org/10.1016/j.ijhm.2007.11.004
10,https://doi.org/10.1016/j.ijhm.2023.103639

