01,https://www.sciencedirect.com/science/article/pii/S106037431200077X,,
02,https://scholarexpress.net/index.php/wbml/article/download/10/56/161,https://files.eric.ed.gov/fulltext/ED503439.pdf,https://www.sciencedirect.com/science/article/pii/S1877129719300784
03,https://www.pewresearch.org/internet/2013/07/16/the-impact-of-digital-tools-on-student-writing-and-how-writing-is-taught-in-schools/,,
04,https://www.marxists.org/reference/archive/mao/selected-works/volume-3/mswv3_07.htm,,
05,https://www.marxists.org/reference/subject/philosophy/works/fr/derrida1.htm,,
06,https://www.theseus.fi/bitstream/handle/10024/803878/Harmala_Martin.pdf;jsessionid=101F7E4E65F426AE59D1118C9B981DE9?sequence=2,,
07,https://books.librariesunlimited.com/wp-content/uploads/2018/12/Ch7_WritingModeLearning.pdf,https://varn.co.uk/02/23/how-to-write-an-article-that-ranks-well-in-google/,https://bluepenarticles.com/blog/the-power-of-writing/
08,https://bioinfo.uib.es/~joemiro/RecEscr/PoliticsandEngLang.pdf,
09,https://scholarworks.gvsu.edu/cgi/viewcontent.cgi?article=1161&context=lajm,https://www.sun.ac.za/english/faculty/healthsciences/rdsd/Documents/Undergraduate%20Research/How%20to%20write%20an%20article.pdf,
10,https://files.eric.ed.gov/fulltext/EJ1085102.pdf,,
