1,https://go-gale-com.ezproxy.lib.hkmu.edu.hk/ps/retrieve.do?tabID=T002&resultListType=RESULT_LIST&searchResultsType=SingleTab&retrievalId=df5f16ee-fe27-42fe-9233-28180fd1500e&hitCount=1&searchType=AdvancedSearchForm&currentPosition=1&docId=GALE%7CA580774124&docType=Article&sort=RELEVANCE&contentSegment=ZONE-MOD1&prodId=AONE&pageNum=1&contentSet=GALE%7CA580774124&searchId=R3&userGroupName=hkmu&inPS=true
2,https://go-gale-com.ezproxy.lib.hkmu.edu.hk/ps/i.do?p=AONE&u=hkmu&id=GALE|A746535748&v=2.1&it=r
3,https://go-gale-com.ezproxy.lib.hkmu.edu.hk/ps/i.do?p=AONE&u=hkmu&v=2.1&it=r&id=GALE%7CA743516038&retrievalId=2beb478e-490a-4ca9-8b0b-5f36e41d5926&inPS=true&linkSource=interlink&sid=bookmark-AONE
4,https://go-gale-com.ezproxy.lib.hkmu.edu.hk/ps/i.do?p=AONE&u=hkmu&v=2.1&it=r&id=GALE%7CA673278603&retrievalId=f48b7d62-2093-4947-969d-bed66aa9e4a0&inPS=true&linkSource=interlink&sid=bookmark-AONE
5,https://go-gale-com.ezproxy.lib.hkmu.edu.hk/ps/retrieve.do?tabID=T002&resultListType=RESULT_LIST&searchResultsType=SingleTab&retrievalId=11eda9ce-136c-49d8-a5b1-3058b3e410d4&hitCount=1204&searchType=AdvancedSearchForm&currentPosition=12&docId=GALE%7CA297342031&docType=Article&sort=Relevance&contentSegment=ZONE-MOD1&prodId=AONE&pageNum=1&contentSet=GALE%7CA297342031&searchId=R1&userGroupName=hkmu&inPS=true
6,https://go-gale-com.ezproxy.lib.hkmu.edu.hk/ps/retrieve.do?tabID=T002&resultListType=RESULT_LIST&searchResultsType=SingleTab&retrievalId=8b68d32b-b9bd-491a-a734-f62b1c4ccb90&hitCount=1204&searchType=AdvancedSearchForm&currentPosition=15&docId=GALE%7CA536042114&docType=Report&sort=Relevance&contentSegment=ZONE-MOD1&prodId=AONE&pageNum=1&contentSet=GALE%7CA536042114&searchId=R1&userGroupName=hkmu&inPS=true
7,https://go-gale-com.ezproxy.lib.hkmu.edu.hk/ps/retrieve.do?tabID=T002&resultListType=RESULT_LIST&searchResultsType=SingleTab&retrievalId=a2ade182-262d-497a-ae4d-b3dbf4573030&hitCount=1204&searchType=AdvancedSearchForm&currentPosition=19&docId=GALE%7CA434803432&docType=Report&sort=Relevance&contentSegment=ZONE-MOD1&prodId=AONE&pageNum=1&contentSet=GALE%7CA434803432&searchId=R1&userGroupName=hkmu&inPS=true
8,https://go-gale-com.ezproxy.lib.hkmu.edu.hk/ps/retrieve.do?tabID=T002&resultListType=RESULT_LIST&searchResultsType=SingleTab&retrievalId=d95d0b3c-43c3-4472-85f2-27e9370eeff7&hitCount=306&searchType=AdvancedSearchForm&currentPosition=7&docId=GALE%7CA779346360&docType=Article&sort=Relevance&contentSegment=ZONE-MOD1&prodId=AONE&pageNum=1&contentSet=GALE%7CA779346360&searchId=R2&userGroupName=hkmu&inPS=true
9,https://go-gale-com.ezproxy.lib.hkmu.edu.hk/ps/retrieve.do?tabID=T002&resultListType=RESULT_LIST&searchResultsType=SingleTab&retrievalId=4b7de5b0-f0bd-41b1-a899-9380806a4667&hitCount=306&searchType=AdvancedSearchForm&currentPosition=30&docId=GALE%7CA155160338&docType=Article&sort=Relevance&contentSegment=ZONE-MOD1&prodId=AONE&pageNum=2&contentSet=GALE%7CA155160338&searchId=R2&userGroupName=hkmu&inPS=true
10,https://go-gale-com.ezproxy.lib.hkmu.edu.hk/ps/retrieve.do?tabID=T002&resultListType=RESULT_LIST&searchResultsType=SingleTab&retrievalId=06028348-a3d2-43ff-9dae-51627c7637bb&hitCount=306&searchType=AdvancedSearchForm&currentPosition=39&docId=GALE%7CA534488129&docType=Article&sort=Relevance&contentSegment=ZONE-MOD1&prodId=AONE&pageNum=2&contentSet=GALE%7CA534488129&searchId=R2&userGroupName=hkmu&inPS=true
