01,https://www.thenationshealth.org/content/47/5/17
02,https://kids.britannica.com/students/article/garden-and-gardening/274495
03,https://www.almanac.com/vegetable-gardening-for-beginners
04,https://www.bhg.com/gardening/yard/garden-care/ten-steps-to-beginning-a-garden/
05,https://www.greenmatters.com/p/why-gardening-is-important
06,https://www.betterhealth.vic.gov.au/health/healthyliving/gardening-safety
07,https://www.healthline.com/health/healthful-benefits-of-gardening
08,https://www.webmd.com/mental-health/how-gardening-affects-mental-health
09,https://www.craftsy.com/post/how-to-attract-butterflies
10,https://www.craftsy.com/post/must-have-gardening-tools