1,https://www.sciencedirect.com/science/article/pii/S2666683923000305#abs0003,
2,https://www.sciencedirect.com/science/article/pii/S2095927321007647,https://onlinelibrary.wiley.com/journal/13652486
3,https://link.springer.com/article/10.1007/s11356-021-15702-8,
4,https://www.sciencedirect.com/science/article/pii/S1462901117306317,
5,https://www.nature.com/articles/s41599-023-01777-w,
6,https://www.sciencedirect.com/science/article/pii/S2468584423000363,
7,https://www.iisd.org/articles/deep-dive/protecting-endangered-species,https://journals.plos.org/plosone/article?id=10.1371/journal.pone.0035730
8,https://www.sciencedirect.com/science/article/pii/S2468265922000166,
9,https://www.nature.com/articles/s41597-022-01667-x,https://onlinelibrary.wiley.com/doi/full/10.1111/j.1467-9787.2011.00717.x
10,https://www.tandfonline.com/doi/full/10.1080/21513732.2015.1124453,
