01,https://academic.oup.com/jtm/article/24/4/tax007/3748298
02,https://journals.sagepub.com/doi/abs/10.1177/001088047101100413?casa_token=RjjZJvJ61fUAAAAA:dists59OGBTYZ1Ehd1C-0UWsHXe2miNptbz5WLsHw1PSyCVKKAZDVCYQHcTj7BrdLAtamtq7kx2Z53U
03,https://www.sciencedirect.com/science/article/pii/S0969698914001131?casa_token=qyuNLZ1em8cAAAAA:r940dyRmLru60Lk9KzOcKVtjCCsatSlqBsdEzgjLKMbBHXj-2c7xZTTtkiCpsUzgFHlYXRl4MTw
04,https://www.tandfonline.com/doi/abs/10.1300/J073v20n01_02?casa_token=D4jphkR4-NQAAAAA:VW0_TgAEQOYXfggSiGSTrdSFt7d8xw9-uoKeoA5M1BTUKWf-31DAvRf1aHI9j08L36psrLyPom4hmVg
05,https://www.emerald.com/insight/content/doi/10.1108/17506180710729600/full/html?casa_token=YJ-jvcGOX_sAAAAA:enc3S4unTiMo8jcacIlRjpaMPax2gWAVxZi7lckyxh-7nmX0YsUNP2hywtct0wBS3eaMjW9KhQXA8GS2EntK5eiWDiX7WeH6z1TEv5E6tt59FWxnteNyMw
06,https://www.tandfonline.com/doi/full/10.1080/14616688.2012.762541?casa_token=QTmZj2vpZXwAAAAA%3AdrrDz_SCm13CPwjQ8yeAgch6VP6SHS12jerye6C-Wp1seisnsxa2CWQ93PRFkmYW25hxmgNrEZV3Y1Q
07,https://journals.sagepub.com/doi/abs/10.3141/1894-14?casa_token=fYR8ad1NDy8AAAAA:Q-4_Dwr5lL3_quTx3QQ2C3gT4JVcx31N9XODhSF_Lz7JmJIxybWEtpeCrmw4zKYbqcx3wHLryNiwbOM
08,https://journals.sagepub.com/doi/abs/10.1177/004728759603500213?casa_token=APExKSTffg8AAAAA:a4PTXReLeGk8fEJcyBReTKNwtr7Xiy1tUeICOmGPl_B5TldR6uknoPL9HLOLz7lb-U3YXJUTo73w50o
09,https://journals.sagepub.com/doi/abs/10.1177/135676679500100403?casa_token=Gqn-CeH7BYIAAAAA:Tg2Mh1FpQB33XVZ8U-4C0e6x9KihHYWuA-MfeGj-Abb__zreiTfzOkXMnTROJx4p-6qDDpTlDx7uo40
10,https://www.tandfonline.com/doi/full/10.1080/14616688.2018.1490343
