﻿01,https://doi.org/10.1080/00207543.2018.1533261 
02,https://doi.org/10.1371/journal.pone.0163477
03,https://www.sciencedirect.com/science/article/pii/S0960148115301610?via%3Dihub
04,https://www.semanticscholar.org/reader/4954fa180728932959997a4768411ff9136aac81
05,https://www.semanticscholar.org/reader/26bc9195c6343e4d7f434dd65b4ad67efe2be27a
06,https://doi.org/10.1175/BAMS-D-14-00110.1
07,https://www.semanticscholar.org/reader/1b4c39ba447e8098291e47fd5da32ca650f41181
08,https://ieeexplore.ieee.org/document/256541
09,https://doi.org/10.1175/2010BAMS3001.1
10,https://complexdiscovery.com/wp-content/uploads/2023/01/NIST.AI_.100-1-Artificial-Intelligence-Risk-Management-Framework.pdf
