﻿1,http://library.oapen.org/handle/20.500.12657/29496
2,https://www.mdpi.com/2071-1050/16/5/2112/xml
3,https://www.proquest.com/scholarly-journals/role-music-transition-towards-culture/docview/2258173417/se-2?accountid=16720
4,https://www.mdpi.com/2071-1050/12/18/7801
5,https://www.proquest.com/docview/2432376751?accountid=16720&parentSessionId=dNoOAMDcnkXRtPcZX2EIpQe3MCtlNkK%2B379blsKBl6c%3D&pq-origsite=primo&sourcetype=Scholarly%20Journals
6,https://link.gale.com/apps/doc/A179772547/AONE?u=hkmu&sid=bookmark-AONE&xid=f371ae2d
7,https://link.gale.com/apps/doc/A182924124/AONE?u=hkmu&sid=bookmark-AONE&xid=39a24241
8,https://link.gale.com/apps/doc/A182924123/AONE?u=hkmu&sid=bookmark-AONE&xid=bfced650
9,https://link.gale.com/apps/doc/A182924134/AONE?u=hkmu&sid=bookmark-AONE&xid=cb37414a
10,https://link.gale.com/apps/doc/A198415085/AONE?u=hkmu&sid=bookmark-AONE&xid=2a019700
,
,
,
