"01, https://acp.copernicus.org/articles/24/2415/2024/"
"02, https://www.annualreviews.org/doi/full/10.1146/annurev-fluid-010313-141311#_i30"
"03,� https://www.annualreviews.org/doi/full/10.1146/annurev-physchem-040215-112324#_i8"
"04,� https://www.annualreviews.org/doi/full/10.1146/annurev-biochem-032620-104421#_i7"
"05,https://www.ncbi.nlm.nih.gov/pmc/articles/PMC9868517/"
"06,https://www.annualreviews.org/doi/full/10.1146/annurev-ecolsys-110321-055122#_i10"
"07,https://www.ncbi.nlm.nih.gov/pmc/articles/PMC7956513/"
"08,https://www.ncbi.nlm.nih.gov/pmc/articles/PMC8046690/"
"09,https://www.ncbi.nlm.nih.gov/pmc/articles/PMC10447232/"
"10,https://www.ncbi.nlm.nih.gov/pmc/articles/PMC6974516/"