1,https://time.com/4839246/photographers-passion/,,,,,,,,,
2,https://photographylife.com/what-is-photography,,,,,",https://www.nationalgeographic.com/photography/article/portrait-photography-tips",,,,
3,https://www.frontiersin.org/journals/psychology/articles/10.3389/fpsyg.2021.654474/full,,,,,,,,,",https://blog.adobe.com/en/publish/2021/12/01/the-impact-of-technology-on-photography"
4,https://en.wikipedia.org/wiki/Photography,,,,,,,,,
5,https://www.apa.org/pubs/journals/releases/psp-pspa0000055.pdf,,,,,,,,,
6,https://link.springer.com/article/10.1007/s40037-021-00672-x,,,,,,,,,
7,https://www.ncbi.nlm.nih.gov/pmc/articles/PMC6470317/,,,,,,,,,
8,https://www.ncbi.nlm.nih.gov/pmc/articles/PMC9635322/,,,,,,,,,
9,https://www.sciencedirect.com/science/article/pii/S0895717711000033,,,,,,,,,
10,https://en.wikipedia.org/wiki/History_of_photography,,,,,,,,,
