01.txt,https://www.researchgate.net/publication/329933674_The_role_of_social_media_in_tourism_marketing_in_Jordan
02.txt,https://www.sciencedirect.com/science/article/pii/S1361920922004151
03.txt,https://www.weforum.org/agenda/2023/08/temperatures-tourism-climate-impact/
04.txt,https://www.mdpi.com/2071-1050/13/19/10620
05.txt,https://www.sciencedirect.com/science/article/abs/pii/S0261517719300445
06.txt,https://www.sciencedirect.com/science/article/abs/pii/S0261517711000033
07.txt,https://www.tandfonline.com/doi/full/10.1080/09669582.2016.1182538
08.txt,https://www.sciencedirect.com/science/article/abs/pii/S0966692322000916
09.txt,https://journals.sagepub.com/doi/full/10.1177/1096348020934849
10.txt,extension://bfdogplmndidlpjfhoijckpakkdjkkil/pdf/viewer.html?file=https%3A%2F%2Fd1wqtxts1xzle7.cloudfront.net%2F51148852%2F0160-7383_2887_2990077-620170102-30943-15gvtw1-libre.pdf%3F1483356128%3D%26response-content-disposition%3Dinline%253B%2Bfilename%253DTravel_tourism_and_hospitality_research.pdf%26Expires%3D1709494637%26Signature%3DQa3zn3N4z6rn4r~YE5tKxNKEYYrznC5PEdvUP8O11pRzCL1BfXXpY2fvwR8Fqqb~nPd5-gfyBeNlZTE7qRRJAxnfqCsDP-W4nIuOqj-7ExCRKAnJdaARZRpyH89pslHZHILK65M2uxKUoIWv4ayNiyYv8xTrv6FdZu4aR3xmL0N5B5Tcf0ZAaJuKPDX-lbra10x53LtiLD2dq1Py7H5TpvveVHvEoIb5D3~Xng8KiF5qV7c4eHj1siPoHEqaqwHkEHPESHQ1GKf8WovBDcgpyOGI2nUYd02xgOlHVbe02PcraIaQQcS4jH23r-9Fy5wKgeduxkpVfHOcCH7KrudJUw__%26Key-Pair-Id%3DAPKAJLOHF5GGSLRBV4ZA
