01,Importance of Assessing Cardiorespiratory Fitness in Clinical Practice: A Case for Fitness as a Clinical Vital Sign: A Scientific Statement From the American Heart Association | Circulation (ahajournals.org)
02,Development of Global Reference Standards for Directly Measured Cardiorespiratory Fitness: A Report From the Fitness Registry and Importance of Exercise National Database (FRIEND). - Document - Gale Academic OneFile (hkmu.edu.hk)
03,Network ecology: Tie fitness in social context(s) - ScienceDirect
04,Have you tried turning it off and on again? Oscillating selection to enhance fitness-landscape traversal in adaptive laboratory evolution experiments - ScienceDirect
05,Preoperative aerobic fitness and perioperative outcomes in patients undergoing cystectomy before and after implementation of a national lockdown - ScienceDirect
06,Cardiorespiratory Fitness in Individuals Post-stroke: Reference Values and Determinants - ScienceDirect
07,Being fit in the COVID-19 era and future epidemics prevention: Importance of cardiopulmonary exercise test in fitness evaluation - ScienceDirect
08,A distance and cosine similarity-based fitness evaluation mechanism for large-scale many-objective optimization - ScienceDirect
09,Pattern of dietary supplement use and its psychosocial predictors among females visiting fitness centers in Saudi Arabia: Findings from a cross-sectional study - ScienceDirect
10,Soil pH fitness of residents contributes more to the invasion success of Ralstonis solanacearum than the invader itself - ScienceDirect
