01,https://doi.org/10.1016/j.ijhm.2021.103000
02,https://doi.org/10.1016/j.ijhm.2020.102636
03,https://doi.org/10.1016/j.jbusres.2018.09.006
04,https://doi-org.ezproxy.lib.hkmu.edu.hk/10.1080/19368623.2019.1592733
05,https://doi-org.ezproxy.lib.hkmu.edu.hk/10.1177/14673584221145819
06,https://doi.org/10.1016/j.ijhm.2019.04.022
07,https://doi.org/10.1016/j.tourman.2019.01.002
08,https://doi.org/10.1016/j.tourman.2018.11.010
09,https://doi-org.ezproxy.lib.hkmu.edu.hk/10.1002/smj.3201
10,https://doi.org/10.1016/j.ijinfomgt.2016.06.003