﻿1,https://www.proquest.com/docview/2514277930?accountid=16720&parentSessionId=fXBzo6nyaH%2BJn4cboU1SYMPkWo3%2B6bk599qAcYic4PA%3D&pq-origsite=primo&sourcetype=Scholarly%20Journals
2,https://www.proquest.com/docview/2302337988?accountid=16720&parentSessionId=UtwUrPzToxCf8G6%2BKSX1xwNDFF6yW11T70eJvh6HTQ4%3D&pq-origsite=primo&sourcetype=Scholarly%20Journals
3,https://www.frontiersin.org/articles/10.3389/fnut.2021.730205/full
4,https://www.frontiersin.org/articles/10.3389/fnut.2022.831470/full?utm_source=fweb&utm_medium=nblog&utm_campaign=ba-sci-fnut-uk-biobank-epidemiology-vegetable-consumption-cardiovascular-disease
5,https://www.frontiersin.org/articles/10.3389/fnut.2022.929553/full
6,https://www.frontiersin.org/articles/10.3389/fnut.2022.847996/full
7,https://www.frontiersin.org/articles/10.3389/fnut.2021.741286/full
8,https://www.frontiersin.org/articles/10.3389/fnut.2018.00134/full
9,https://www.frontiersin.org/journals/psychology/articles/10.3389/fpsyg.2018.00487/full
10,https://www.frontiersin.org/articles/10.3389/fnut.2023.1113013/full
