﻿01,https://doi.org/10.2752/136270498779754515,,
02,https://fashionunited.com/news/fashion/what-s-happening-with-the-plus-size-men-s-fashion-market/2024022858620,https://fashionunited.com/news/fashion/what-s-happening-with-the-plus-size-men-s-fashion-market/2024022858620,https://fashionunited.com/news/fashion/lfw-aw24-all-aboard-srvc-s-london-commute/2024022158514
03,https://www.jstor.org/stable/j.ctv1xxspz.3,,
04,https://www.jstor.org/stable/23273848,https://www.jstor.org/stable/23273849,
05,https://www.jstor.org/stable/20627816,,
06,https://doi.org/10.1108/13612020410559966,,
07,https://doi.org/10.1111/j.0309-1317.2004.00504.x,,
08,https://www.jstor.org/stable/j.ctv1xxspz.5,,
09,https://essay.utwente.nl/65268/,,
10,https://doi.org/10.1108/RJTA-17-01-2013-B002,,