"1,https://ijbnpa.biomedcentral.com/articles/10.1186/s12966-016-0446-y,,"
"2,https://ijbnpa.biomedcentral.com/articles/10.1186/s12966-020-00986-9,,"
"3,https://ijbnpa.biomedcentral.com/articles/10.1186/s12966-022-01378-x,,"
"4,https://www.frontiersin.org/articles/10.3389/fsufs.2022.954991/full,,"
"5,https://www.frontiersin.org/journals/psychology/articles/10.3389/fpsyg.2021.560578/full,,"
"6,https://www.frontiersin.org/articles/10.3389/fnut.2022.1048352,,"
"7,https://www.mdpi.com/2304-8158/13/5/723,,"
"8,https://www.eufic.org/en/food-safety/article/the-why-how-and-consequences-of-cooking-our-food,,"
"9,https://www.helpguide.org/articles/healthy-eating/cooking-at-home.htm,https://www.helpguide.org/articles/healthy-eating/cooking-for-one.htm,https://www.eufic.org/en/healthy-living/article/can-cooking-skills-be-the-key-to-health"
"10,https://www.newyorker.com/culture/kitchen-notes/the-joylessness-of-cooking,https://www.smithsonianmag.com/arts-culture/the-evolution-of-american-barbecue-13770775/,https://www.smithsonianmag.com/history/a-brief-history-of-pancakes-180981667/"
