1,https://www.sciencedirect.com/science/article/pii/S0169204622001992
2,https://www.nature.com/articles/s41598-023-45604-3
3,https://www.sciencedirect.com/science/article/pii/S016041202300507X
4,https://www.sciencedirect.com/science/article/pii/S1617138123001681
5,https://link.springer.com/article/10.1007/s13280-023-01920-6
6,https://link.springer.com/article/10.1007/s11625-023-01341-0
7,https://www.tandfonline.com/doi/full/10.1080/26395916.2020.1848926
8,https://www.tandfonline.com/doi/full/10.1080/26395916.2020.1754919
9,https://www.sciencedirect.com/science/article/pii/S2212041624000160
10,https://www.sciencedirect.com/science/article/pii/S0006320723003889
