﻿1,https://www-sciencedirect-com.ezproxy.lib.hkmu.edu.hk/science/article/pii/S0360131511000480?via%3Dihub
2,https://www-jstor-org.ezproxy.lib.hkmu.edu.hk/stable/41408678?sid=primo&seq=1
3,https://www-liebertpub-com.ezproxy.lib.hkmu.edu.hk/doi/10.1089/g4h.2023.0154
4,https://journals-sagepub-com.ezproxy.lib.hkmu.edu.hk/doi/full/10.1177/10468781231220728
5,https://web-p-ebscohost-com.ezproxy.lib.hkmu.edu.hk/ehost/pdfviewer/pdfviewer?vid=0&sid=4e4ac9cc-1454-4b65-94e7-b874cd43649f%40redis
6,https://www-tandfonline-com.ezproxy.lib.hkmu.edu.hk/doi/full/10.1080/03054985.2018.1492375
7,https://www.proquest.com/docview/2512393717?accountid=16720&parentSessionId=adsUGzB%2Fnb%2BaaoxsaEYtnr1yIObER2iMSSPjfasEjvY%3D&pq-origsite=primo&sourcetype=Scholarly%20Journals
8,https://www.proquest.com/docview/1764287048?accountid=16720&parentSessionId=pw%2Fh7wZCz%2BpH8jTvSK2mYqXvWrq1yBpuu3TX01XD4W8%3D&pq-origsite=primo&sourcetype=Scholarly%20Journals
9,https://agsjournals-onlinelibrary-wiley-com.ezproxy.lib.hkmu.edu.hk/doi/full/10.1111/j.1532-5415.2008.01759.x
10,https://go-gale-com.ezproxy.lib.hkmu.edu.hk/ps/i.do?p=AONE&u=hkmu&id=GALE%7CA762482179&v=2.1&it=r