﻿1,https://en.wikipedia.org/wiki/History_of_China,Chinese history
2, https://www.britannica.com/place/China/Trade  ,China summary
3,https://en.wikipedia.org/wiki/1911_Revolution,1911 Revolution of 191
4,https://history.state.gov/milestones/1945-1952/chinese-rev,The Chinese Revolution of 1949
4,https://uca.edu/politicalscience/home/research-projects/dadm-project/asiapacific-region/china-1900-present/ , China (1900-present)
5,https://www.britannica.com/event/Chinese-Civil-War ,"Chinese Civil War
1945–1949"
5,https://www.historyskills.com/classroom/year-7/greatest-chinese-battles/,"The 7 most significant battles in Chinese history
Greatest Chinese battles"
6,https://en.wikipedia.org/wiki/Chinese_Civil_War ,Chinese Civil War
7,https://www.topchinatravel.com/china-guide/history-of-chinese-cuisine.htm ,History of Chinese Cuisine
7,https://en.wikipedia.org/wiki/Chinese_cuisine,chinese cuisine
7,https://www.travelchinaguide.com/chinese-food-history.htm,Chinese Food History
8,https://mis.kp.ac.rw/admin/admin_panel/kp_lms/files/digital/Core%20Books/History/The%20history%20of%20china%20understanding%20china.pdf.pdf,the history of china
9,http://www.china.org.cn/english/travel/53611.htm,History of Chinese Cooking
9,https://en.wikipedia.org/wiki/History_of_Chinese_cuisine ,history of chinese cusine
10,https://pdxscholar.library.pdx.edu/cgi/viewcontent.cgi?article=4795&context=open_access_etds,"The traditional and the modern : the history of
Japanese food culture in Oregon and how it did and
did not integrate with American food culture "
