01,https://www.frontiersin.org/articles/10.3389/fvets.2021.630465/full
02,https://www.frontiersin.org/articles/10.3389/fvets.2021.655191/full
03,https://www.ncbi.nlm.nih.gov/pmc/articles/PMC9774011/
04,https://www.ncbi.nlm.nih.gov/pmc/articles/PMC7824880/
05,https://www.ncbi.nlm.nih.gov/pmc/articles/PMC9341998/
06,https://www.sciencedirect.com/science/article/pii/S0168159121001829
07,https://www.frontiersin.org/articles/10.3389/fvets.2019.00179/full
08,https://www.frontiersin.org/articles/10.3389/fvets.2018.00257/full
09,https://www.ncbi.nlm.nih.gov/pmc/articles/pmc10887101/
10,https://www.ncbi.nlm.nih.gov/pmc/articles/PMC5451949/