01,https://www-emerald-com.ezproxy.lib.hkmu.edu.hk/insight/content/doi/10.1108/JFMM-07-2016-0060/full/html
02,https://www.proquest.com/docview/2596060373?accountid=16720&parentSessionId=JDcsbT6noDDX7gwdME9conSlnhVCfs2WgvlqAK4sMn4%3D&pq-origsite=primo&sourcetype=Scholarly%20Journals
03,https://www-emerald-com.ezproxy.lib.hkmu.edu.hk/insight/content/doi/10.1108/JFMM-02-2022-0029/full/html
04,https://www.proquest.com/docview/1905703865?accountid=16720&parentSessionId=d%2B0IpiW868IQkS8iuZIMh85XwrGXRGFMoozl60NB7iY%3D&pq-origsite=primo&sourcetype=Scholarly%20Journals
05,https://dl-acm-org.ezproxy.lib.hkmu.edu.hk/doi/fullHtml/10.1145/3447239
06,https://www-sciencedirect-com.ezproxy.lib.hkmu.edu.hk/science/article/pii/S0959652619335711?via%3Dihub#sec5
07,https://www-sciencedirect-com.ezproxy.lib.hkmu.edu.hk/science/article/pii/S0959652621031383?via%3Dihub#sec6
08,https://www-sciencedirect-com.ezproxy.lib.hkmu.edu.hk/science/article/pii/S0969698912001506?via%3Dihub
09,https://www-sciencedirect-com.ezproxy.lib.hkmu.edu.hk/science/article/pii/S0377221719306290?via%3Dihub
10,https://onlinelibrary-wiley-com.ezproxy.lib.hkmu.edu.hk/doi/full/10.1002/sd.2104
