01,https://ieeexplore.ieee.org/abstract/document/8425458?casa_token=dpZCP9U7pQQAAAAA:G84RFgrXWfPtcB-OYsX_iWbm3fS1wbYwEB6WRiPSwBX0p12b0biBytbiDKLpPnA8ajQ8txzZD0V0
02,https://www.sciencedirect.com/science/article/pii/S2214860416301312?casa_token=pycKz_83Q-wAAAAA:9oCsHg7YWMdDP6Wvi3onvQr1CAaupDWFzKQw6sj59LNc3eJGd-6ZSlGKf_aMcRp89gK_-Ok5Eso
03,https://ieeexplore.ieee.org/abstract/document/1430631?casa_token=Jte52aBGumAAAAAA:Lv-1LuUlhHHaXoX43af8PbjobSqCYFUJUF3O40NcjIKr5RpxvmwrVmKLj6gUGUfW6XnsmlZXSnQb
04,https://wires.onlinelibrary.wiley.com/doi/full/10.1002/widm.1312
05,https://www.science.org/doi/full/10.1126/science.aaa8415?casa_token=2M0S55lQzWEAAAAA%3Av5IAxcs1DEYWusevW-IMkXTvbagJsjy_t_2-o2w68w5V_aDSou1o8hbvJTt5lhg4ERYoZNlYG4qFXacM
06,https://ieeexplore.ieee.org/abstract/document/8525392?casa_token=NJ6rr_ZDecIAAAAA:7yHA05DpGo75yPJfn9w3jnqfD7cyuK8j3NEE_iC9JMg5sHwFrPobZ7LIAsInvH4rZb95-viyRcCD
07,https://www.sciencedirect.com/science/article/pii/S0304393219301199
08,https://ieeexplore.ieee.org/abstract/document/5599083?casa_token=A3L3s5TDqaAAAAAA:Sp5Fv-xIqUBek2FW4Nr5OtAq0CrNmO_TaqqGsJzKVfC3WJddLemW_XHLb9OyMst5XYrwIcNTLKRT
09,https://www.sciencedirect.com/science/article/pii/S2211285518307286?casa_token=WIDUcnF60UMAAAAA:rrpY3AzPy1iJrlbiYvXjnpUAMey7-6NHxPTNMggquF3ZvzeE1jcoMdnyo1BIrrusD7_nTegubl8
10,extension://bocbaocobfecmglnmeaeppambideimao/pdf/viewer.html?file=https%3A%2F%2Fciteseerx.ist.psu.edu%2Fdocument%3Frepid%3Drep1%26type%3Dpdf%26doi%3Da260b6d6a5702e0f6e8186576750975a8ef05116
