01,https://journals.sagepub.com/doi/full/10.1177/02662426231208369?casa_token=-Evgs0uOQTgAAAAA%3AUHvTi1ppCXV255HbpJ5hztB6FPryl6Jlt2Zdd3D7U7JcVr5wcPVMfcy3ADPx_LnmHsLIQuIn6sDnZws
02,https://www.sciencedirect.com/science/article/pii/S0148296323006951
03,https://link.springer.com/article/10.1007/s11846-024-00730-8
04,https://www.sciencedirect.com/science/article/pii/S2352673423000690,https://en.wikipedia.org/wiki/Entrepreneurship
05,https://link.springer.com/article/10.1007/s11187-023-00770-6
06,https://www.sciencedirect.com/science/article/pii/S2949753123000619
07,https://www.sciencedirect.com/science/article/pii/S0148296323007051
08,https://www.sciencedirect.com/science/article/pii/S1472811724000168
09,https://link.springer.com/article/10.1007/s11187-023-00838-3
10,https://link.springer.com/article/10.1007/s11187-024-00890-7