﻿01,https://studycorgi.com/gender-and-amp-politics-in-post-modernist-society/,https://studycorgi.com/american-politics-history-main-issues/,https://studycorgi.com/the-relationship-of-leadership-to-the-politics-of-the-organization/,https://studycorgi.com/issues-in-the-international-politics-globalization/,
02,https://studycorgi.com/clothing-and-politics-a-ted-talk-comparison/,https://studycorgi.com/how-women-in-politics-make-strategic-changes/,https://studycorgi.com/shifting-gender-politics-in-fashion-and-textiles/,https://studycorgi.com/the-morality-and-politics-correlation-analysis/,https://studycorgi.com/the-politics-of-theorizing-african-american-families-by-shirley-hill/
03,https://studycorgi.com/voting-suppression-in-politics-and-policies-against-blacks-in-the-us/,,,,
04,https://studycorgi.com/the-future-of-depoliticized-politics/,https://studycorgi.com/the-power-of-media-in-american-politics/,https://studycorgi.com/religion-and-politics-eventual-separation-through-secularism/,https://studycorgi.com/roger-williams-opinion-on-religion-and-politics/,
05,https://studycorgi.com/the-women-rights-movement-and-modern-politics/,https://studycorgi.com/politics-in-the-upkeep-of-a-sustainable-quality-environment/,https://studycorgi.com/the-connection-between-criminal-studies-and-politics/,https://studycorgi.com/politics-in-28-days-later-film-by-danny-boyle/,
06,https://studycorgi.com/democracy-in-iran-and-amp-culture-and-politics/,https://studycorgi.com/oppression-of-women-in-education-workplace-and-politics/,https://studycorgi.com/power-politics-and-conflict-in-business-organizations/,https://studycorgi.com/politics-and-social-media-relations/,
07,https://studycorgi.com/african-american-women-representation-in-politics/,https://studycorgi.com/civil-society-and-african-politics-in-the-post-colonial-era/,https://studycorgi.com/power-politics-and-culture-in-business-environment/,https://studycorgi.com/morality-policy-making-the-relationship-between-politics-and-morality/,
08,https://studycorgi.com/plunkitts-approach-to-politics/,https://studycorgi.com/identity-politics-and-interlocking-oppression/,https://studycorgi.com/on-the-politics-of-the-object-in-life/,https://studycorgi.com/organizational-politics-in-project-management/,
09,https://studycorgi.com/intersectionality-of-gender-with-race-culture-and-politics/,https://studycorgi.com/southern-united-states-politics-in-20th-century/,,,
10,https://studycorgi.com/new-york-politics-in-the-late-19th-early-20th-century/,https://studycorgi.com/is-the-usa-a-democracy-american-politics/,https://studycorgi.com/the-relationship-between-religion-and-politics/,https://studycorgi.com/conservatives-and-liberals-approaches-in-politics/,
