﻿"01,https://www.proquest.com/docview/2892394843/117A3F5FAD9A497CPQ/6?sourcetype=Scholarly%20Journals"
"02,https://www.proquest.com/docview/2892394843/117A3F5FAD9A497CPQ/6?sourcetype=Scholarly%20Journals"
"03,https://plato.stanford.edu/entries/happiness/"
"04,https://plato.stanford.edu/entries/happiness/"
"05,https://bmcpublichealth.biomedcentral.com/articles/10.1186/1471-2458-11-443"
"06,https://www.apa.org/pubs/journals/releases/xge-xge0000303.pdf"
"07,https://www.proquest.com/docview/2914898839/117A3F5FAD9A497CPQ/9?sourcetype=Scholarly%20Journals"
"08,https://pubmed.ncbi.nlm.nih.gov/33643134"
"09,https://www.proquest.com/docview/2806284022/117A3F5FAD9A497CPQ/11?sourcetype=Scholarly%20Journals"
"10,https://www.proquest.com/docview/2848627379/117A3F5FAD9A497CPQ/22?sourcetype=Scholarly%20Journals"
