01,https://www.scmp.com/lifestyle/arts-culture/article/3251914/how-hong-kong-independent-bookstores-are-flux-amid-closures-its-not-all-doom-and-gloom,https://www.scmp.com/lifestyle/arts-culture/article/3206108/5-best-independent-bookstores-hong-kong-bookworms-who-prefer-real-thing-reading-kindle,https://theloophk.com/8-indie-bookstores-to-visit-in-hong-kong/,https://www.sassyhongkong.com/whats-on-hk-book-stores-shops-culture/,https://hivelife.com/indie-bookstores-hong-kong/,
02,https://thehoneycombers.com/hong-kong/best-hong-kong-bookstores/,https://hongkongfp.com/2022/07/17/amid-exodus-and-societal-shifts-hong-kongs-independent-bookstores-offer-freedom-of-thought-community/,,,,
03,https://www.scmp.com/magazines/hk-magazine/article/2034684/independent-bookstores-and-summer-reading-recommendations?campaign=2034684&module=perpetual_scroll_0&pgtype=article,,,,,
04,https://www.timeout.com/hong-kong/shopping/hong-kongs-best-bookstores,https://hongkongliving.com/best-bookstores-hong-kong/,https://hongkongfp.com/2021/08/29/hong-kong-independent-bookstore-bleak-house-books-to-close/,https://www.timeout.com/hong-kong/shopping/the-best-secondhand-bookstores-in-hong-kong,https://www.scmp.com/news/hong-kong/society/article/3019365/hong-kongs-independent-booksellers-struggling-survive-market?campaign=3019365&module=perpetual_scroll_0&pgtype=article,https://expatliving.hk/best-bookstores-in-hong-kong-and-online-bookshops/
05,https://zolimacitymag.com/hong-kongs-independent-bookshops-nourish-the-soul/,https://www.voanews.com/a/hong-kong-s-independent-bookstores-publishers-cautiously-test-limits/7235044.html,https://themilsource.com/2023/10/25/best-bookstores-in-hong-kong-to-find-good-reads/,https://www.nytimes.com/2021/06/20/world/asia/hong-kong-bookstores-nsl.html,,
06,https://thehkhub.com/the-ultimate-guide-to-hk-book-stores/,https://www.scmp.com/yp/discover/news/hong-kong/article/3180206/former-hong-kong-journalists-open-independent-bookstore,https://www.scmp.com/yp/discover/lifestyle/article/3158369/co-founder-independent-bookstore-hong-kong-jisaam-books,https://www.scmp.com/magazines/post-magazine/arts-music/article/3009324/new-chapter-independent-hong-kong-art-bookstore,,
07,https://livinginhongkong.org/7-best-hong-kong-bookstores/,https://www.scmp.com/news/hong-kong/politics/article/3151770/hong-kongs-bookshops-losing-readers-and-struggling-through,https://jmsc.hku.hk/2017/02/independent-bookstores-in-hong-kong-the-spirit-lives-on/,https://hongkongfp.com/2023/09/13/independent-hong-kong-bookstore-mount-zero-accused-of-illegally-occupying-part-of-pavement/,https://www.localiiz.com/post/culture-literature-best-bookstores-hong-kong,
08,https://www.timeout.com/usa/things-to-do/best-independent-bookstores-in-the-us,https://www.voanews.com/a/east-asia-pacific_voa-news-china_national-security-law-threatens-hong-kongs-publishers-booksellers/6195247.html,https://www.littlestepsasia.com/hong-kong/shop/kids-books/childrens-bookstores/,https://hongkongfp.com/2022/07/26/hong-kongs-leading-bookstores-decline-to-stock-new-book-by-last-governor-chris-patten/,https://theculturetrip.com/asia/china/hong-kong/articles/the-best-second-hand-bookshops-in-hong-kong,
09,https://thehoneycombers.com/hong-kong/bleak-house-books-independent-bookstore-albert-wan/,https://www.theguardian.com/travel/2021/apr/22/12-best-uk-independent-bookshops-chosen-by-readers,https://www.scmp.com/news/hong-kong/education/article/3222034/hong-kongs-vanishing-books-public-libraries-clear-shelves-sensitive-titles-can-readers-turn-shops-or,,,
10,https://www.nytimes.com/2018/04/03/magazine/the-case-of-hong-kongs-missing-booksellers.html,https://www.scmp.com/yp/discover/news/hong-kong/article/3058276/hks-missing-booksellers-timeline-events,,,,
