number,title,website
1,Mental Toughness in Sports and Fitness: Why It Matters and How to Boost Yours,https://www.everydayhealth.com
2,Branded fitness: Exercise and promotional culture,https://doi.org/10.1177/1469540515623606
3,"Fitness and Exercise: Health Benefits, How to Get Started, and How to Get Better",https://www.everydayhealth.com
4,Fitness Tech to Watch for in 2022,https://www.everydayhealth.com
5,Is exercise addiction in fitness centers a socially accepted behavior?,https://doi.org/10.1016/j.abrep.2017.09.002
6,Validation and adaptation of the Physical Activity Enjoyment Scale (PACES) in fitness group exercisers,https://doi.org/10.1016/j.jshs.2017.09.010
7,The effects of strength exercise on hippocampus volume and functional fitness of older women,https://doi.org/10.1016/j.exger.2017.07.007
8,"Results From a National Survey of Asthma Provider Beliefs and Practices Regarding Exercise and Asthma: A Work Group Report of the AAAAI Committee on Sports, Exercise, and Fitness",https://doi.org/10.1016/j.jaip.2022.04.028
9,"Physical Activity, Exercise, and Health-related Measures of Fitness in Adults With Spina Bifida: A Review of the Literature",https://doi.org/10.1016/j.pmrj.2013.06.010
10,Exercise and Fitness in the Age of Social Distancing During the COVID-19 Pandemic,https://doi.org/10.1016/j.jaip.2020.04.039
