01,How to Increase Happiness: 11 Ways | Psych Central,What Is Happiness and How Can You Become Happier? (verywellmind.com)
02,Psychologists Have Linked 25 Things to Being Happier and Healthier (businessinsider.com),How to Be Happy: 27 Habits to Help You Live a Happier Life (healthline.com)
03,Happiness and Life Satisfaction - Our World in Data,
04,175 Happiness Quotes to Make You Happy | Keep Inspiring Me,https://parade.com/503725/lindsaylowe/happiness-quotes/
05,https://link.springer.com/article/10.1007/s13209-012-0086-7#preview,
06,Full article: The Happiness of Cities (tandfonline.com),
07,C3_N14_The Happiness Advantage By Shawn Achor.pdf (iitd.ac.in),
08,happinessadvantage.pdf (ymaws.com),
09,https://vuthedudotorg.files.wordpress.com/2015/06/happiness-advantage-achor-ebs.pdf,
10,https://www.researchgate.net/publication/278665173_Happiness_Also_Known_as_Life_Satisfaction_and_Subjective_Well-Being,
