﻿01,https://www.city-journal.org/article/what-is-art-for,https://www.bbc.com/culture/article/20130417-why-is-art-so-expensive,https://www.nytimes.com/2014/05/11/movies/the-paradox-of-art-as-work.html,https://www.proquest.com/artbibliographies/scholarly-journals/art-as-commodity/docview/1412276209/sem-2?accountid=16720
02,https://www.proquest.com/artbibliographies/scholarly-journals/language-beauty-african-art/docview/2903633421/sem-2?accountid=16720,https://www.dissentmagazine.org/article/the-art-of-gentrification/,,
03,https://doi.org/10.1371/journal.pone.0099019,,,
04,https://openpsychologyjournal.com/VOLUME/9/PAGE/160/FULLTEXT/,https://www.proquest.com/artbibliographies/scholarly-journals/cultural-counterpoints-society-art/docview/223310029/sem-2?accountid=16720,,
05,https://doi.org/10.1016/j.aip.2014.01.003,,,
06,https://doi.org/10.1016/j.aip.2015.07.004,,,
07,https://doi.org/10.1016/j.aip.2014.01.002,,,
08,https://doi.org/10.1016/j.ygyno.2014.04.043,https://doi.org/10.1016/j.micpath.2023.106217,,
09,https://doi.org/10.1016/j.aip.2012.11.004,,,
10,https://doi.org/10.1016/j.foar.2018.12.003,,,
