01,https://www.sciencenews.org/article/cannabis-high-thc-teen-mental-health
02,https://www.sciencenews.org/article/james-webb-hubble-universe
03,https://www.sciencenews.org/article/dune-planet-climate-plausible-science-sandworms
04,https://www.science.org/content/article/online-marketplace-animal-samples-could-cut-waste-and-save-lives
05,https://www.science.org/content/article/unborn-planets-living-fossils-and-more-stories-you-might-have-missed-week
06,https://www.sciencedaily.com/releases/2024/03/240307110740.htm
07,https://www.nytimes.com/2024/03/06/science/space-nuclear-bomb-putin.html
08,https://www.science.org/content/article/anthropocene-dead-long-live-anthropocene
09,https://www.sciencejournalforkids.org/articles/lesson-ideas/space-astronomy/
10,https://www.sciencejournalforkids.org/articles/how-do-we-find-a-planet-in-another-galaxy/
