﻿"01,https://www.sciencedirect.com/science/article/pii/S026974912302239X "
"02,https://www.sciencedirect.com/science/article/pii/S2351989424000702 "
"03,https://www.sciencedirect.com/science/article/pii/S0169555X2400076X"
"04,https://www.sciencedirect.com/science/article/pii/S0016703724000383 "
"05,https://www.sciencedirect.com/science/article/pii/S0301479722022186 "
"06,https://www.nature.com/articles/s41598-018-24630-6 "
"07,https://www.sciencedirect.com/science/article/pii/S0025322723002190"
"08,https://www.sciencedirect.com/science/article/pii/S2352771423001623"
"09,https://www.sciencedirect.com/science/article/pii/S0964569124000073 "
"10,https://www.sciencedirect.com/science/article/pii/S0025326X23013309 "