﻿1,https://www.investopedia.com/terms/e/entrepreneur.asp
2,https://www.investopedia.com/terms/e/entrepreneur.asp
3,https://web-p-ebscohost-com.ezproxy.lib.hkmu.edu.hk/ehost/pdfviewer/pdfviewer?vid=0&sid=5e6551a1-3786-4e6c-b7cc-f58e939d9d59%40redis
4,https://academic.oup.com/joeg/article/17/1/157/2930542?login=true
5,https://revistamises.org.br/misesjournal/article/view/1222/651
6,https://www.proquest.com/docview/2108381658?accountid=16720&parentSessionId=7zyhaMCeo%2FZAItXA98sWQiw1f3Hb25PU909VxPpLB6Q%3D&pq-origsite=primo&sourcetype=Scholarly%20Journals
7,https://journals-sagepub-com.ezproxy.lib.hkmu.edu.hk/doi/full/10.1111/etap.12254
8,https://journals-sagepub-com.ezproxy.lib.hkmu.edu.hk/doi/full/10.1177/17577438231217035
9,https://journals-sagepub-com.ezproxy.lib.hkmu.edu.hk/doi/full/10.1177/1042258719844500
10,https://go-gale-com.ezproxy.lib.hkmu.edu.hk/ps/i.do?p=AONE&u=hkmu&id=GALE|A249057950&v=2.1&it=r
