01,https://en.wikipedia.org/wiki/Michael_Jackson
02,https://en.wikipedia.org/wiki/Maroon_5
03,https://en.wikipedia.org/wiki/Imagine_Dragons
04,https://en.wikipedia.org/wiki/Avicii
05,https://en.wikipedia.org/wiki/Bruno_Mars
06,https://www.britannica.com/biography/Sophie-Tucker
07,https://www.loc.gov/collections/moldenhauer-archives/articles-and-essays/guide-to-archives/music-history/
08,https://www.aarp.org/health/brain-health/info-2023/how-music-affects-the-brain.html
09,https://www.ncbi.nlm.nih.gov/pmc/articles/PMC3741536/
10,https://www.tandfonline.com/doi/full/10.1080/1070289X.2023.2268969
