﻿1,https://www.proquest.com/docview/1710610620/fulltext/1F128F90504F4FB2PQ/1?accountid=16720&sourcetype=Scholarly%20Journals
2,https://web-p-ebscohost-com.ezproxy.lib.hkmu.edu.hk/ehost/detail/detail?vid=2&sid=de76089d-e3af-45f9-91fa-ec27a76d1681%40redis&bdata=JnNpdGU9ZWhvc3QtbGl2ZSZzY29wZT1zaXRl#AN=160719163&db=aph
3,https://web-p-ebscohost-com.ezproxy.lib.hkmu.edu.hk/ehost/detail/detail?vid=1&sid=76d06fc6-2cde-4417-b424-470db14ff3fe%40redis&bdata=JnNpdGU9ZWhvc3QtbGl2ZSZzY29wZT1zaXRl#AN=160719165&db=aph
4,https://www.proquest.com/docview/208183447?accountid=16720&parentSessionId=kB4cZgkueb7jAWckiFjz6aTPHk3x94ggY88WPMR7m4o%3D&pq-origsite=primo&sourcetype=Scholarly%20Journals
5,https://web-p-ebscohost-com.ezproxy.lib.hkmu.edu.hk/ehost/pdfviewer/pdfviewer?vid=0&sid=5460c826-c142-46c3-9782-bd55f65677a7%40redis
6,https://www-tandfonline-com.ezproxy.lib.hkmu.edu.hk/doi/full/10.1080/10508406.2016.1204548
7,https://journals-sagepub-com.ezproxy.lib.hkmu.edu.hk/doi/full/10.1177/1094670516680033
8,https://www.proquest.com/docview/2295450825?accountid=16720&parentSessionId=VGjW5fBGYCCyqPYIh7R%2FRp1BDwe9wGtXz8NDrIzA%2FcM%3D&pq-origsite=primo&sourcetype=Scholarly%20Journals
9,https://www.ncbi.nlm.nih.gov/pmc/articles/PMC7032036/
10,https://journals-sagepub-com.ezproxy.lib.hkmu.edu.hk/doi/full/10.3102/0013189X11428813
