01,https://doi-org.ezproxy.lib.hkmu.edu.hk/10.1016/j.techfore.2018.06.019
02,https://doi-org.ezproxy.lib.hkmu.edu.hk/10.1002/smj.3246
03,https://doi-org.ezproxy.lib.hkmu.edu.hk/10.1177/0149206318793196
04,https://doi.org/10.1016/j.jbusres.2020.03.013
05,https://doi-org.ezproxy.lib.hkmu.edu.hk/10.1177/1042258719885368
06,https://doi-org.ezproxy.lib.hkmu.edu.hk/10.1177/1042258720943307
07,https://doi-org.ezproxy.lib.hkmu.edu.hk/10.1016/j.joep.2011.03.004
08,https://doi-org.ezproxy.lib.hkmu.edu.hk/10.1016/j.jbusvent.2011.04.001
09,https://doi-org.ezproxy.lib.hkmu.edu.hk/10.1177/0266242614549779
10,https://doi-org.ezproxy.lib.hkmu.edu.hk/10.1177/1042258720943051