1,https://en.wikipedia.org/wiki/Cat
2,https://avmajournals.avma.org/view/journals/javma/231/11/javma.231.11.1665.xml
3,https://journals.sagepub.com/doi/full/10.1177/1098612X221106353
4,https://journals.sagepub.com/doi/full/10.1369/jhc.2010.955419
5,https://journals.sagepub.com/doi/full/10.1177/0300985813511125
6,https://journals.sagepub.com/doi/full/10.1177/002215540004800511
7,https://journals.sagepub.com/doi/full/10.1369/0022155411413817
8,https://journals.sagepub.com/doi/full/10.1177/1098612X14560099
9,https://journals.sagepub.com/doi/full/10.1177/1098612X18797139
10,https://journals.sagepub.com/doi/full/10.1177/1098612X16663594