01,https://d1wqtxts1xzle7.cloudfront.net/60715489/Understanding_Blockchain_Technology20190926-26770-147v9qi-libre.pdf?1569545201=&response-content-disposition=inline%3B+filename%3DUnderstanding_Blockchain_Technology.pdf&Expires=1709914908&Signature=HO~bD0JbBFjG2Dyc9pyTgymarcDfCjPGRnFSVPHLVo095VicRx2EJieMAWez00wDFuFB4ueAO5KBYvXs8u26AnfA-XED7so17CPtmxfu~i~15kGUg1jqLhe-a53kskoTaLmmjLTnqOScUuLocHYppGTx3p~pbmejN-QlWjXEM-1~7Uy8MzdYlfTqoClCEbZcKbWgGd9aKHh3OXd8h1lyJOuvS407YQNGEQLev9FZkh0kzv4wTByPvQJxJ-mWeU43GGGtvPMBuLeT6FJkr-B7fplhM5Iad4h5I2t6Y095exY2Vid9~qVexEOhRaxbhvpPqoLI3muNi8sNQD79Rk~wNg__&Key-Pair-Id=APKAJLOHF5GGSLRBV4ZA
02,https://ieeexplore.ieee.org/abstract/document/9200475
03,https://dl.acm.org/doi/pdf/10.1145/3579371.3589066
04,https://ieeexplore.ieee.org/document/8070809,https://ui.adsabs.harvard.edu/abs/1975tads.book.....R/abstract,https://dl.acm.org/doi/abs/10.5555/3099782,
05,https://ojs.aaai.org/aimagazine/index.php/aimagazine/article/download/917/835
06,https://arxiv.org/pdf/2208.11449.pdf
07,https://dl.acm.org/doi/pdf/10.1145/367701.367709
08,http://www.cdio.org/files/document/file/m1a4_tran_189.pdf
09,https://citeseerx.ist.psu.edu/document?repid=rep1&type=pdf&doi=08f3ddd25b4b737d0783e0937a54d4db1337fe85
10,https://www.sciencedirect.com/science/article/pii/S0026269202000095?casa_token=NemvFOIpan0AAAAA:3J9ZFh9Ld4X1gDkWWWuAz5SvyxAhHGWG4bxJnF6LCyNrVNsEk0HPvw3DXZZhaal633qyhb8irQ