﻿01,https://www.ncbi.nlm.nih.gov/pmc/articles/PMC10044414/
02,https://www.ncbi.nlm.nih.gov/pmc/articles/PMC9113195/
03,https://www.ncbi.nlm.nih.gov/pmc/articles/PMC8987203/
04,https://www.ncbi.nlm.nih.gov/pmc/articles/PMC6147508/
05,https://www.frontiersin.org/articles/10.3389/fvets.2021.653920
06,https://www.ncbi.nlm.nih.gov/pmc/articles/PMC10420710/
07,https://www.ncbi.nlm.nih.gov/pmc/articles/PMC4810050/
08,https://www.ncbi.nlm.nih.gov/pmc/articles/PMC7606876/
09,https://www.ncbi.nlm.nih.gov/pmc/articles/PMC8538106/
10,https://www.frontiersin.org/articles/10.3389/fvets.2022.946603/full
