"01, https://journals.sagepub.com/doi/pdf/10.4276/030802212X13286281651072"
"02, https://journals.sagepub.com/doi/pdf/10.1177/001391657300500202"
"03, http://media.libri.de/shop/coverscans/139/13914223_pre.pdf"
"04, https://www.tandfonline.com/doi/pdf/10.1080/10705422.2010.519682"
"05, https://www.cambridge.org/core/services/aop-cambridge-core/content/view/D146A47DC630AC0CA73BEB8264384A8A/S0144686X14000865a.pdf"
"06, https://www.tandfonline.com/doi/pdf/10.1080/01490400590886060"
"07, https://www.tandfonline.com/doi/pdf/10.1080/13549839.2015.1101433"
"08, https://www.tandfonline.com/doi/pdf/10.2752/174589206778476252"
"09, https://centaur.reading.ac.uk/70303/1/RHS%20Climate%20Change%20Report_for_web_single_page.pdf"
"10, https://orca.cardiff.ac.uk/id/eprint/53177/1/Ecopsychology%20Paper%20-%20JHawkins%20et%20al.%20June%202013.pdf"
