01,https://ocean.si.edu/through-time/ancient-seas/sea-level-rise
02,https://ocean.si.edu/ecosystems/deep-sea/deep-sea
03,https://ocean.si.edu/ocean-life/invertebrates/corals-and-coral-reefs
04,https://www.sciencedirect.com/science/article/abs/pii/S0025326X2301442X
05,https://www.sciencedirect.com/science/article/pii/S2351989424000702
06,https://www.sciencedirect.com/science/article/pii/S0964569124000371
07,https://www.sciencedirect.com/science/article/pii/S2352485524000549
08,https://www.sciencedirect.com/science/article/pii/S2352485524000550
09,https://www.sciencedirect.com/science/article/pii/S0278434323002388
10,https://www.sciencedirect.com/science/article/pii/S2405880724000025
