1,https://doi.org/10.1016/j.chb.2016.11.060
2,https://doi.org/10.1016/j.jpsychires.2008.09.012
3,https://doi.org/10.1016/j.addbeh.2019.05.016
4,https://doi.org/10.1016/j.compedu.2015.12.008
5,https://doi.org/10.1080/0309877X.2021.1875201
6,https://doi.org/10.1016/j.psychres.2018.12.158
7,https://doi-org.ezproxy.lib.hkmu.edu.hk/10.1080/14719037.2021.2007668
8,https://www.proquest.com/scholarly-journals/psychometric-properties-internet-gaming-disorder/docview/2590054768/se-2?accountid=16720
9,https://link.gale.com/apps/doc/A769355876/AONE?u=hkmu&sid=bookmark-AONE&xid=942d6f1e
10,https://doi-org.ezproxy.lib.hkmu.edu.hk/10.1080/1369118X.2018.1468920
