01, https://www.historynet.com/newspapers-civil-war-clash/, https://www.historynet.com/lincolns-early-views-slavery/, https://www.historynet.com/kentucky-emancipation-controversy/, https://www.historynet.com/bleeding-kansas-2/
02, https://www.historynet.com/grant-klan-showdown/, https://www.historynet.com/reconstruction-failure-civil-war/, https://www.historynet.com/why-the-civil-rights-movement-was-really-a-guerrilla-war/, https://www.historynet.com/affirmative-action-supreme-court/
03, https://www.historynet.com/deadwood-dakota-brothels/, https://www.historynet.com/belle-cora-vs-vigilance-committee/
04, https://www.historynet.com/march-men-harlech-song/, https://www.historynet.com/billy-waugh-special-forces-cia-vietnam/, https://www.historynet.com/iraq-war-veterans-refuse-to-be-defined-by-a-war-they-didnt-lose/, https://www.historynet.com/dog-shimanski-honored-by-congress/, https://www.historynet.com/name-hood-military-history/, https://www.historynet.com/bravo-company-afghanistan-ied-war-review/, https://www.historynet.com/marine-afghan-interpreter-rescue/
05, https://www.historynet.com/vietnam-brice-barnes/, https://www.historynet.com/korea-vietnam-west-point-butler/, https://www.historynet.com/first-medal-of-honor-recipient-from-vietnam-war-dies-at-89/, https://www.historynet.com/south-korea-vietnam-veteran-interview/
06, https://www.historynet.com/buzz-aldrin-interview/, https://www.historynet.com/south-korea-vietnam-veteran-interview/, https://www.historynet.com/when-the-british-held-the-line-in-korea/, https://www.historynet.com/the-korean-war-is-far-from-over/
07, https://www.historynet.com/buzz-aldrin-interview/, https://www.historynet.com/project-iceworm-army-attempted-to-build-nuclear-lair-greenland/, https://www.historynet.com/henry-kissinger/, https://www.historynet.com/foley-standing-tall-vietnam-leadership/, https://www.historynet.com/rediscovered-photos-offer-a-window-into-the-armys-arctic-past/
08, https://www.historynet.com/during-wwii-gliders-seemed-like-a-good-idea/, https://www.historynet.com/p-38-coolest-airplane/, https://www.historynet.com/p-38-pilot-scrappy/
09, https://www.historynet.com/reprisals-war-history-civilians/, https://www.historynet.com/rommel-translation-war/
10, https://www.historynet.com/dan-sickles-gettysburg/, https://www.historynet.com/gettysburg-civilian-participants/, https://www.historynet.com/clifton-place-tennessee/, https://www.historynet.com/20th-indiana-regiment-civil-war/