﻿"01,https://doi.org/10.3145/epi.2023.nov.04"
"02,https://doi.org/10.1371/journal.pone.0281619"
"03,https://doi.org/10.1371/journal.pone.0288532"
"04,https://doi.org/10.1155/2023/7271614"
"05,https://doi.org/10.1371/journal.pone.0291791"
"06,https://doi.org/10.1080/10999922.2022.2053439"
"07,https://doi.org/10.1371/journal.pone.0295802"
"08,https://doi.org/10.1371/journal.pone.0288851"
"09,https://doi.org/10.1371/journal.pone.0291310"
"10,https://doi.org/10.1371/journal.pone.0290114"
