"01,",https://web-p-ebscohost-com.ezproxy.lib.hkmu.edu.hk/ehost/detail/detail?vid=0&sid=75a3d3c9-292a-47ce-83c5-1a7e41e3b969%40redis&bdata=JnNpdGU9ZWhvc3QtbGl2ZSZzY29wZT1zaXRl#AN=165125367&db=ibh
"02,",https://web-p-ebscohost-com.ezproxy.lib.hkmu.edu.hk/ehost/detail/detail?vid=0&sid=4538c1e0-d31e-4866-a3da-214aac283e01%40redis&bdata=JnNpdGU9ZWhvc3QtbGl2ZSZzY29wZT1zaXRl#AN=165125359&db=ibh
"03,",https://web-p-ebscohost-com.ezproxy.lib.hkmu.edu.hk/ehost/detail/detail?vid=0&sid=95bcf593-19e0-43e2-b5fe-53ebda37ed0e%40redis&bdata=JnNpdGU9ZWhvc3QtbGl2ZSZzY29wZT1zaXRl#AN=165125358&db=ibh
"04,",https://web-p-ebscohost-com.ezproxy.lib.hkmu.edu.hk/ehost/detail/detail?vid=0&sid=9379558e-d668-4ca6-9236-e6e98aa95d1d%40redis&bdata=JnNpdGU9ZWhvc3QtbGl2ZSZzY29wZT1zaXRl#AN=165125361&db=ibh
"05,",https://web-p-ebscohost-com.ezproxy.lib.hkmu.edu.hk/ehost/detail/detail?vid=0&sid=ee95412e-cd7b-4880-adf5-d3226ee5b63b%40redis&bdata=JnNpdGU9ZWhvc3QtbGl2ZSZzY29wZT1zaXRl#AN=165125363&db=ibh
"06,",https://web-p-ebscohost-com.ezproxy.lib.hkmu.edu.hk/ehost/detail/detail?vid=0&sid=e55a593f-eff0-4a25-a6b9-7ceaabb2b06e%40redis&bdata=JnNpdGU9ZWhvc3QtbGl2ZSZzY29wZT1zaXRl#AN=158427598&db=ibh
"07,",https://web-p-ebscohost-com.ezproxy.lib.hkmu.edu.hk/ehost/detail/detail?vid=0&sid=a8775ec6-7ee6-4672-85db-a2714c32e75f%40redis&bdata=JnNpdGU9ZWhvc3QtbGl2ZSZzY29wZT1zaXRl#AN=158427606&db=ibh
"08,",https://web-p-ebscohost-com.ezproxy.lib.hkmu.edu.hk/ehost/detail/detail?vid=0&sid=21a58bb2-16a6-40d5-9834-fb432d6b852c%40redis&bdata=JnNpdGU9ZWhvc3QtbGl2ZSZzY29wZT1zaXRl#AN=13532083&db=ibh
"09,",https://web-p-ebscohost-com.ezproxy.lib.hkmu.edu.hk/ehost/pdfviewer/pdfviewer?vid=1&sid=e748d8ad-6712-41ce-ae11-e13545a9f9de%40redis
"10,",https://web-p-ebscohost-com.ezproxy.lib.hkmu.edu.hk/ehost/detail/detail?vid=0&sid=ab681e20-1a38-4b51-ab14-a0b98c9cf45a%40redis&bdata=JnNpdGU9ZWhvc3QtbGl2ZSZzY29wZT1zaXRl#AN=124449167&db=ibh
