﻿1,https://www.tandfonline.com/doi/full/10.1080/07055900.2023.2264832,,
2,https://time.com/5863821/saving-the-oceans,https://chinadialogueocean.net/en/pollution/14200-how-does-plastic-pollution-affect-the-ocean/ ,
3,https://www.britannica.com/place/Indian-Ocean/Study-and-exploration ,,
4,https://education.nationalgeographic.org/resource/all-about-the-ocean/ ,,
5,https://kids.britannica.com/students/article/ocean/276153,https://kids.britannica.com/scholars/article/ocean/108518,
6,https://oceanliteracy.unesco.org/plastic-pollution-ocean/,https://www.pewtrusts.org/en/trust/archive/fall-2020/confronting-ocean-plastic-pollution,https://www.pewtrusts.org/en/research-and-analysis/articles/2020/07/23/breaking-the-plastic-wave-top-findings
7,https://www.usgs.gov/programs/cmhrp/news/top-10-things-you-didnt-know-about-ocean,https://www.nhm.ac.uk/discover/will-the-ocean-really-die.html,https://www.nytimes.com/2022/04/03/science/ocean-plastic-animals.html
8,https://news.mit.edu/2023/study-oceans-color-changing-climate-change-0712,https://time.com/5863821/saving-the-oceans/,
9,https://www.bbc.com/future/article/20220111-why-nasa-is-exploring-the-deepest-oceans-on-earth,,
10,https://journals.plos.org/plosone/article?id=10.1371/journal.pone.0111913,,