,,,,
"01
",https://www.mdpi.com/1209042,,,
02,https://pubmed.ncbi.nlm.nih.gov/33035427/,,,
03,https://doi.org/10.1016/j.cell.2020.11.034,,,
04,https://www.thelancet.com/journals/lanplh/article/PIIS2542-5196(21)00053-X/fulltext,,,
05,https://www.aeaweb.org/articles?id=10.1257%2Faer.20211218&ref=twelvetables.blog,,,
06,https://www.annualreviews.org/doi/abs/10.1146/annurev-publhealth-040119-094412,,,
07,https://www.annualreviews.org/doi/abs/10.1146/annurev-publhealth-040218-043727,,,
08,https://www.mdpi.com/796780,,,
09,https://www.thelancet.com/journals/langlo/article/PIIS2214-109X(20)30488-5/fulltext,,,
10,https://www.ncbi.nlm.nih.gov/pmc/articles/PMC8890771/,,,
