01,https://www.academia.edu/55108743/Text_Role_and_Context_Developing_Academic_Literacies,https://www.academia.edu/2272310/Developing_Academic_Literacy_In_Context
02,https://www.academia.edu/72422863/Writing_about_Writing,
03,https://www.academia.edu/23725735/Teaching_Writing,
04,https://www.academia.edu/93480718/Writing_Better_Writing_Assignments,
05,https://www.academia.edu/68727094/Writing_Mentor_Writing_Progress_Using_Self_Regulated_Writing_Support,
06,https://www.academia.edu/56905525/L2_Writing_Anxiety_Writing_Self_efficacy_and_Writing_Motivatio,
07,https://www.academia.edu/28944438/Writing_back_and_writing_with,
08,https://www.academia.edu/6386200/Writing_Skills_Writing_Style_Writing_Business_Letters_Electronic_Communication,
09,https://www.academia.edu/82634853/Learning_to_Teach_Writing_Through_Writing,
10,https://www.academia.edu/6482442/Plagiarism_in_second_language_writing,
