01,https://philosophynow.org/issues/160/How_to_Have_a_Good_Life,https://theconversation.com/are-you-really-in-love-how-expanding-your-love-lexicon-can-change-your-relationships-and-how-you-see-yourself-222480,https://theconversation.com/who-we-care-about-is-limited-but-our-research-shows-how-humans-can-expand-their-moral-circle-221605,https://theconversation.com/self-love-might-seem-selfish-but-done-right-its-the-opposite-of-narcissism-205938
02,https://www.nature.com/articles/s41599-024-02619-z,,,
03,https://www.nature.com/articles/s41599-024-02626-0,,,
04,https://www.nature.com/articles/s41599-020-0420-9,,,
05,https://www.nature.com/articles/s41599-018-0190-9,,,
06,https://www.nature.com/articles/s41599-021-00769-y,,,
07,https://www.nature.com/articles/s41599-022-01265-7,,,
08,https://www.nature.com/articles/s41599-023-01889-3,,,
09,https://www.nature.com/articles/s41599-018-0180-y,,,
10,https://www.nature.com/articles/s41599-018-0129-1,,,
