"01,https://www.researchgate.net/profile/Ina-Porras/publication/343562486_Modifying_national_accounts_for_sustainable_ocean_development/links/612bfcb938818c2eaf6c4ef1/Modifying-national-accounts-for-sustainable-ocean-development.pdf?_sg%5B0%5D=started_experiment_milestone&_sg%5B1%5D=started_experiment_milestone&origin=journalDetail"
"02,https://www.nature.com/articles/s41586-022-04862-3"
"03,https://d1wqtxts1xzle7.cloudfront.net/97566787/0fcfd511a467924a64000000-libre.pdf?1674226528=&response-content-disposition=inline%3B+filename%3DEvolution_of_the_Rheic_Ocean.pdf&Expires=1709836887&Signature=gqKU-L15iNi4f5CfQ~eEmYjMVKRxTmEtIXkv-Msc8iUYUCNXDHdgCFZzM8vMKbghiUcGqklOWfb6uRT5~Zx2UTRreg~dIztOzX90Yz31yXd78CBbmNrMLQBLbz-QAa-PyjsHk8mT3uA98yDdVr9H4LCsLoMZGlyQRHP0klxImUWiMMCFWMVeIZmOVQDkFOCQBNDI9s4K1NI7hJK7QI1SjiaEoRfeZfRHRUuGEPTQnPREQWTZObIP6tVJFjI33EHpbzW4rjJMW~nSwz1OQxwWfT-uB8bQrLuvVYQG~HHcf1mjKvQA10NOa7DjgelEVrcfO8LQIaxwfu7M68610WaBhg__&Key-Pair-Id=APKAJLOHF5GGSLRBV4ZA"
"04,https://homes.msi.ucsb.edu/~lafferty/Publications/Parasites-environment_files/Laff.etal.04ARES.pdf"
"05,https://d1wqtxts1xzle7.cloudfront.net/46074284/Evolution_in_an_acidifying_ocean20160530-11881-fddn45-libre.pdf?1464627991=&response-content-disposition=inline%3B+filename%3DEvolution_in_an_acidifying_ocean.pdf&Expires=1709836895&Signature=WXRvQk8xHTpxgwA~vOY2OjAZ8j24cTFz7yuBlhyaCpYdQB2A5cK538Sg3S7sxodZr1kIHmLeZwhDjDmOXd4fOuH~x-4Twi9UoD1vJ74TvbFOS8Kh6tikE2jdJPae~BcvjE1qPaQ-MABeC-0cQgId0sTMN7RF0lQ4XW-TryiqbdesBQ3hqjyJcpAr2oEcMEYyYp~I8m6mX8fBo9BchWMz195-kyIktjbl2Yhlvw1ls4lz5l9YUWq-nSGEJ3TWa2PVuDxK-4aRX9bTwmfNESZ4m4utZZdtIbxD99j4rd8YoFWBVMSxr-HoqpNqIJw19-E0JT6xtKvFgQudikhemFjPgA__&Key-Pair-Id=APKAJLOHF5GGSLRBV4ZA"
"06,https://agupubs.onlinelibrary.wiley.com/doi/pdf/10.1029/2011GL049725"
"07,https://adsabs.harvard.edu/pdf/1991AREPS..19..283O"
"08,https://www.researchgate.net/profile/Mathis-Hain/publication/267325133_The_Biological_Productivity_of_the_Ocean/links/544a52f00cf2f638808500d2/The-Biological-Productivity-of-the-Ocean.pdf"
"09,https://link.springer.com/content/pdf/10.1007/s00376-021-0447-x.pdf"
"10,https://link.springer.com/content/pdf/10.1007/s00376-020-9283-7.pdf"