01,www.sciencedirect.com/science/article/pii/S0304422X17302267
02,www.frontiersin.org/articles/10.3389/fsoc.2017.00008/full
03,www.sciencedirect.com/science/article/pii/S096969891300009X
04,www.sciencedirect.com/science/article/pii/S0010027705002258
05,www.britannica.com/art/Western-music
06,iep.utm.edu/music-an/
07,academic.oup.com/jaac/article/72/4/393/5980566?login=true
08,www.tandfonline.com/doi/full/10.1080/08145857.2014.958268
09,plato.stanford.edu/entries/music/
10,journals.sagepub.com/doi/full/10.1177/2059204317751971
