1,https://onlinelibrary.wiley.com/doi/full/10.1002/bse.2596
2,https://www.sciencedirect.com/science/article/pii/S0195666318305142?casa_token=odDk0dtRNVgAAAAA:e7rqcYvsr0aKDGs9nPufiU8_D3xrlwjvm4wfaTjJlQ_1ZvCqU_mpt69O6LBPowgDQLFnZ9_x0Vw
3,https://pubs.acs.org/doi/full/10.1021/jf9505988?casa_token=CYa_WBiUwDEAAAAA%3AbjSaWcVGeMqJInLcZwrvs_a6mg5FmzUKZotiBO-nPN5XT7ZW6kIoFQ-epYO_yV8nifOIZpLlEEYhCQ5GEA
4,https://www.mdpi.com/1420-3049/19/11/19180
5,https://pubs.acs.org/doi/full/10.1021/jf011703i?casa_token=5yoZwUCBd48AAAAA%3AUym_zLXCUGMjXXDxBBZjaAE91XEs03GD_ZFkJfuuJKISzsqqp0Tb9r50k5zKP3EYwcuULT1uGjsgzlxqBw
6,https://onlinelibrary.wiley.com/doi/full/10.1111/liv.12304
7,https://repositorio.uniandes.edu.co/entities/publication/ae10ae7d-627b-4b1f-8ad6-563ed047bf75
8,https://www.tandfonline.com/doi/full/10.2147/vhrm.s3055
9,https://core.ac.uk/download/pdf/234626082.pdf
10,https://pubs.acs.org/doi/full/10.1021/jf011703i?casa_token=5yoZwUCBd48AAAAA%3AUym_zLXCUGMjXXDxBBZjaAE91XEs03GD_ZFkJfuuJKISzsqqp0Tb9r50k5zKP3EYwcuULT1uGjsgzlxqBw
