01.txt,https://www.sciencedirect.com/science/article/pii/S235214652301298X
02.txt,https://www.sciencedirect.com/science/article/pii/S0969699723001461
03.txt,https://www.sciencedirect.com/science/article/pii/S2405844024021030
04.txt,https://www.sciencedirect.com/science/article/pii/S2590198223002555
05.txt,https://www.sciencedirect.com/science/article/pii/S1877050923005720
06.txt,https://www.sciencedirect.com/science/article/pii/S0965856422001628
07.txt,https://www.sciencedirect.com/science/article/pii/S0965856423001829
08.txt,https://www.sciencedirect.com/science/article/pii/S2666957923000307
09.txt,https://www.sciencedirect.com/science/article/pii/S2590198223001288
10.txt,https://www.sciencedirect.com/science/article/pii/S0167923623002245
