﻿01,https://www.english-heritage.org.uk/learn/story-of-england/medieval/
02,https://www.bbc.co.uk/history/british/middle_ages/overview_middleages_01.shtml#top
03,https://www.bbc.co.uk/history/british/middle_ages/black_01.shtml
04,https://englishhistory.net/middle-ages/
05,https://pressbooks.pub/earlybritishlit/part/the-middle-ages-ca-476-1485/
06,https://www.rosslynchapel.com/wp-content/uploads/2015/09/171_Rosslyn_Adult_Learning_Guide_Life_in_Medieval_Britain_Proof_1_edit.pdf
07,https://www.history.com/topics/middle-ages/middle-ages
08,https://www.britannica.com/event/Middle-Ages
09,https://www.thehistoryoflondon.co.uk/in-brief-late-middle-ages/
10,https://www.history.ox.ac.uk/history-british-isles-fhs#collapse386736
