01 , https://en.wikipedia.org/wiki/Web_design, https://en.wikipedia.org/wiki/User_interface_design
02 , https://en.wikipedia.org/wiki/Game_design, https://en.wikipedia.org/wiki/Video_game_design
03 , https://99designs.com/blog/design-history-movements/symbolism-design/, https://www.sciencedirect.com/science/article/pii/S1877042812033563
04 , https://hbr.org/2018/09/why-design-thinking-works, https://hbr.org/2018/09/design-thinking-is-fundamentally-conservative-and-preserves-the-status-quo?ab=at_art_art_1x4_s01
05 , https://en.wikipedia.org/wiki/Biophilic_design,
06 , https://en.wikipedia.org/wiki/Jewellery_design, https://www.fibre2fashion.com/industry-article/5903/jewellery-design-steps-in-the-right-direction, https://nationaljeweler.com/articles/11981-state-of-design-the-jewelry-design-trends-to-know-now, https://www.linkedin.com/pulse/jewelry-design-trends-journey-through-timeless-elegance-contemporary, https://www.linkedin.com/pulse/future-jewelry-design-in-depth-look-trends-amine-messaoudi
07 , https://en.wikipedia.org/wiki/Costume_design, https://fastercapital.com/content/Costume-design--Style-Analysis-in-Cinema--Exploring-Costume-Design.html, https://www.studiosuits.com/blogs/articles/the-art-of-costume-design-exploring-the-creative-process, https://www.vogue.com/article/why-were-we-so-obsessed-with-costume-design-this-year, https://www.linkedin.com/advice/1/how-has-costume-design-influenced-fashion-wvboe
08 , https://www.smashingmagazine.com/2018/01/comprehensive-guide-product-design/
09 , https://en.wikipedia.org/wiki/Graphic_design, https://www.coursera.org/articles/what-does-a-graphic-designer-do
10 , https://en.wikipedia.org/wiki/Lighting_design, https://salasobrien.com/news/innovation-engineering-for-lighting-design/, https://www.berklee.edu/careers/roles/lighting-designer