"01, https://www.sciencedirect.com/science/article/pii/S0195666315301070"
"02, https://www.sciencedirect.com/science/article/pii/S0195666313000457"
"03, 	https://www.emerald.com/insight/content/doi/10.1108/00070709910288289/full/html"
"04, 	https://link.springer.com/article/10.1007/s12393-016-9143-5 "
"05, 	https://onlinelibrary.wiley.com/doi/full/10.1002/jsfa.6478"
"06, 	https://www.sciencedirect.com/science/article/pii/S0950329302000861"
"07, 	https://www.sciencedirect.com/science/article/pii/S0141813018312169"
"08, 	https://www.sciencedirect.com/science/article/pii/S0047248409001262"
"09, 	https://www.scielo.br/j/rn/a/jnYdS5nZG9ryxqJpkjmNsGm/"
"10, 	https://ift.onlinelibrary.wiley.com/doi/full/10.1111/j.1750-3841.2009.01091.x"
