1,https://www.sciencedirect.com/science/article/abs/pii/S096456919900068X
2,https://www.sciencedirect.com/science/article/abs/pii/S0012825212000761
3,https://www.sciencedirect.com/science/article/abs/pii/S0964569100000405
4,https://www.sciencedirect.com/science/article/abs/pii/S0169555X02001782
5,https://www.sciencedirect.com/science/article/pii/S2213078024000094
6,https://www.sciencedirect.com/science/article/abs/pii/S2352485524000549
7,https://www.sciencedirect.com/science/article/pii/S0304389424004229
8,https://www.sciencedirect.com/science/article/abs/pii/S0169555X23004439
9,https://www.sciencedirect.com/science/article/pii/S2213078023001081
10,https://www.sciencedirect.com/science/article/pii/S0957582023009904
