01,https://www.thelancet.com/journals/lanplh/article/PIIS2542-5196(21)00194-7/fulltext
02,https://www.nature.com/articles/s41598-021-86324-w
03,https://www.ncbi.nlm.nih.gov/pmc/articles/PMC4198773/
04,https://www.frontiersin.org/journals/immunology/articles/10.3389/fimmu.2019.01118/full
05,https://www.health.harvard.edu/staying-healthy/the-truth-about-fats-bad-and-good,https://www.hsph.harvard.edu/nutritionsource/what-should-you-eat/fats-and-cholesterol/types-of-fat/,https://www.health.harvard.edu/staying-healthy/know-the-facts-about-fats,https://www.medicalnewstoday.com/articles/141442
06,https://www.ncbi.nlm.nih.gov/pmc/articles/PMC3551118/
07,https://www.publish.csiro.au/an/Fulltext/AN13536
08,https://www.frontiersin.org/journals/plant-science/articles/10.3389/fpls.2020.01315/full
09,https://www.ncbi.nlm.nih.gov/pmc/articles/PMC8308533/
10,https://www.ncbi.nlm.nih.gov/pmc/articles/PMC6067651/

