1,https://www-emerald-com.ezproxy.lib.hkmu.edu.hk/insight/content/doi/10.1108/JFMM-09-2012-0055/full/html,
2,https://www-emerald-com.ezproxy.lib.hkmu.edu.hk/insight/content/doi/10.1108/09590551211274946/full/html,
3,https://www.proquest.com/docview/1690965346/fulltext/4EF18C3AE06F4731PQ/1?accountid=16720&sourcetype=Scholarly%20Journals,
4,https://www.proquest.com/docview/2498990690?accountid=16720&parentSessionId=9CmFfcR1zIPYLb7LOx18hAcYdWKwKEeqQ5pduPJh3w0%3D&pq-origsite=primo&sourcetype=Scholarly%20Journals,
5,https://www-tandfonline-com.ezproxy.lib.hkmu.edu.hk/doi/full/10.1080/00404969.2019.1655937,https://econpapers.repec.org/article/eeejbrese/v_3a65_3ay_3a2012_3ai_3a10_3ap_3a1516-1522.htm
6,https://www.proquest.com/docview/1024664582?accountid=16720&parentSessionId=6VgDTiXypjb6gEOmq3bfk95O2jMQprB5d8W0aVH3%2FJ0%3D&pq-origsite=primo&sourcetype=Scholarly%20Journals,
7,https://www.proquest.com/docview/2534282685?accountid=16720&parentSessionId=bcJWF7aHebKQk%2FDpRg3mT82AmBUYo8ByZxdQuVHfUPw%3D&pq-origsite=primo&sourcetype=Scholarly%20Journals,
8,https://www-sciencedirect-com.ezproxy.lib.hkmu.edu.hk/science/article/pii/S0959652621039500?via%3Dihub,
9,https://www.proquest.com/docview/2186714543?accountid=16720&parentSessionId=x6%2FS3y%2FKxr9mPleC3bBiX4yDAkA21KQ86HKRSgk2VD8%3D&pq-origsite=primo&sourcetype=Scholarly%20Journals,
10,https://www.proquest.com/docview/2562198412?accountid=16720&parentSessionId=J6LKvO9tc%2BLs1yNwU7FL7szYn9wy3j%2FYJgKecFbS4NU%3D&pq-origsite=primo&sourcetype=Scholarly%20Journals,
