01,https://www.ijdesign.org/index.php/IJDesign/article/view/1130/612
02,https://www.tandfonline.com/doi/full/10.1080/14606925.2023.2181886
03,https://www.sciencedirect.com/science/article/pii/S2772503023000658
04,https://www.cambridge.org/core/journals/design-science/article/design-and-assistive-technology-a-tinder-match-waiting-to-happen/7BCA8E6C22D8D89D746F99A9CC1102F5
05,https://www.ncbi.nlm.nih.gov/pmc/articles/PMC10315631/
06,https://www.sciencedirect.com/science/article/pii/S2666188824000054
07,https://onlinelibrary.wiley.com/doi/10.1111/jade.12301
08,https://www.hindawi.com/journals/mpe/2021/9913161/
09,https://www.mdpi.com/2411-9660/8/1/2
10,https://journals.sagepub.com/doi/full/10.1177/10717641231182981 