1,https://www.highsnobiety.com/p/andre-3000-interview/               https://www.highsnobiety.com/p/kai-isaiah-jamal-interview/
2,https://retailboss.co/retail-shrinkage/              https://thetechfashionista.com/fashion-seasons-explained/                 https://fashionisers.com/2022/08/30/fashion-trends-for-college-students-for-the-upcoming-year/
3,https://blogs.flixstock.com/fashion-icons-influential-figures-shaped-industry/                         https://chasingdaisiesblog.com/top-fashion-icons/
4,https://www.chitkara.edu.in/blogs/fashion-psychology-understanding-the-impact-of-clothing-on-mental-well-being/                           https://epublications.regis.edu/cgi/viewcontent.cgi?article=1041&context=cftsr
5,https://twyg.co.za/remind-me-what-does-slow-fashion-mean/                    https://blily.in/what-is-sustainable-fashion/                https://dreamydetails.framer.website/articles/fashion-dos-and-don-ts-a-guide-to-flawless-outfits                  https://dreamydetails.framer.website/articles/sustainable-fashion-redefining-style-with-conscious-choices
6,https://www.vogue.com/article/with-manhunt-tobias-menzies-edges-ever-closer-to-the-limelight                              https://www.vogue.com/article/gucci-sabato-de-sarno
7,https://www.vogue.com/article/angelina-jolie-digital-cover-interview-atelier-jolie                      https://www.vogue.com/article/margot-robbie-barbie-summer-cover-2023-interview
8,https://www.vogue.com/article/jennifer-lopez-december-cover-2022-interview                    https://www.vogue.com/article/caroline-polachek-new-album-desire
9,https://www.vogue.com/article/jennifer-lawrence-october-cover-2022-interview                  https://www.vogue.com/article/what-marilyn-monroe-means-to-me-lena-dunham
10,https://www.vogue.com/article/portrait-of-bravery-ukraines-first-lady-olena-zelenska         https://www.vogue.com/article/ivy-getty-christies-auction-ann-getty-jewelry