
1,https://en.wikipedia.org/wiki/Health,,
2,https://www.health.com/health-benefits-of-meditation-7480535,,
3,https://www.change4health.gov.hk/filemanager/common/image/strategic_framework/injuries_action_plan/injuries_action_plan_e.pdf,,
4,https://www.sciencedirect.com/science/article/pii/S2468266723001822#ceab10,,
5,https://www.medicalnewstoday.com/articles/health-equity#definition,,
6,https://www.aihw.gov.au/reports-data/australias-health/summaries?section=status,,
7,https://academic.oup.com/phe/article/16/3/210/7232444,,
8,https://www.healthbureau.gov.hk/download/press_and_publications/otherinfo/221200_primary_healthcare/e_primary_healthcare_blueprint.pdf,,
9,https://www.nature.com/articles/s41562-023-01591-z,,
10,https://www.pnas.org/doi/10.1073/pnas.1616011114 + https://www.pnas.org/doi/10.1073/pnas.1003890107,,
