01,file:///C:/Users/user/Downloads/EducationalTechnology.pdf
02,file:///C:/Users/user/Downloads/s10551-023-05339-7.pdf 
03,https://www.tandfonline.com/doi/epdf/10.1080/23288604.2019.1583040?needAccess=true 
04,file:///C:/Users/user/Downloads/Marks_Bowers_2015_Technology-and-Mental-Health.pdf 
05,file:///C:/Users/user/Downloads/The_impact_and_importance_of_new_technologies_in_b.pdf
06,file:///C:/Users/user/Downloads/viewcontent.cgi.pdf 
07,https://repositorio.cepal.org/server/api/core/bitstreams/56782ee0-8a0e-4b84-818f-13a8f745acd2/content 
08,file:///C:/Users/user/Downloads/127129.pdf 
09,file:///C:/Users/user/Downloads/2000EnvironmentalImpactsofTechnology14July22.pdf 
10,https://www2.uwstout.edu/content/lib/thesis/2012/2012ceulemansp.pdf 