1,https://doi.org/10.1007/s11846-021-00515-3
2,https://doi.org/10.33423/jabe.v22i4.2909
3,https://doi.org/10.1177/1527002518784121
4,https://urn.nsk.hr/urn:nbn:hr:148:760550
5,https://doi.org/10.1515/bejte-2022-0042
6,https://doi.org/10.1515/bejte-2022-0042
7,DOI: 10.29081/gsjesh.2018.19.2.04
8,https://pure.port.ac.uk/ws/portalfiles/portal/3593400/An_Economic_Analysis_of_Spectator_Demand_Club_Performance_and_Revenue_Sharing_in_English_Premier_League_Football..pdf
9,http://dx.doi.org/10.1080/13571516.2015.1010282
10,http://www.tandfonline.com/loi/cijb20
