1	https://www.worldhistory.org/Ancient_Japan/	
2	https://www.worldhistory.org/Medieval_Japan/	
3	https://www.worldhistory.org/Meiji_Period/	
4	https://www.worldhistory.org/article/1415/the-mongol-invasions-of-japan-1274--1281-ce/	
5	https://www.worldhistory.org/article/1172/ancient-history-encyclopedia-in-japan/	https://en.wikipedia.org/wiki/List_of_earthquakes_in_Japan
6	https://www.worldhistory.org/article/1153/interview-korea-japan-relations-through-the-prism/	
7	https://www.worldhistory.org/Edo_Period/	
8	https://www.worldhistory.org/article/1172/ancient-history-encyclopedia-in-japan/	https://en.wikipedia.org/wiki/Economic_history_of_Japan
9	https://asiasociety.org/education/japanese-history	https://en.wikipedia.org/wiki/History_of_Japan
10	https://www.edrawmind.com/article/history-of-japan.html	https://en.wikipedia.org/wiki/History_of_education_in_Japan
