1,https://www.foodnetwork.com/how-to/packages/food-network-essentials/grilling-burgers
2,https://www.bonappetit.com/story/making-homemade-pizza
3,https://www.cookinglight.com/cooking-101/techniques/exploring-spices
4,https://www.foodandwine.com/news/how-to-present-food
5,https://www.cookinglight.com/cooking-101/techniques/asian-flavors
6,https://www.delish.com/cooking/recipe-ideas/g3733/best-slow-cooker-recipes/
7,https://www.seriouseats.com/2016/12/cookie-science-what-makes-cookies-spread.html
8,https://www.epicurious.com/recipes/food/views/my-favorite-simple-roast-chicken-231348
9,https://www.bonappetit.com/gallery/essential-kitchen-tools
10,https://www.seriouseats.com/recipes/2010/05/the-secret-to-light-and-fluffy-pancakes.html
