01,https://www.sciencedirect.com/science/article/pii/S0169534723002343
02,https://www.sciencedirect.com/science/article/pii/S0967063723002534
03,https://www.sciencedirect.com/science/article/pii/S0079661121001440
04,https://www.sciencedirect.com/science/article/pii/S0025326X23006264
05,https://www.sciencedirect.com/science/article/pii/S1385110122001198
06,https://www.ncbi.nlm.nih.gov/pmc/articles/PMC9286438/
07,https://www.ncbi.nlm.nih.gov/pmc/articles/PMC9108943/
08,https://www.sciencedirect.com/science/article/pii/S0166445X24000523
09,https://www.sciencedirect.com/science/article/pii/S2095927323002268
10,https://www.sciencedirect.com/science/article/pii/S2772883823000432