﻿01,https://www.sciencedirect.com/science/article/pii/S1469029224000256
02,https://www.sciencedirect.com/science/article/pii/S0168159124000583
03,https://www.sciencedirect.com/science/article/pii/S0969698923002904
04,https://www.sciencedirect.com/science/article/pii/S0378720624000247
05,https://www.sciencedirect.com/science/article/pii/S2950273X24000043
06,https://www.sciencedirect.com/science/article/pii/S2666149724000082
07,https://www.sciencedirect.com/science/article/pii/S2211335524000068
08,https://www.sciencedirect.com/science/article/pii/S2405844023092496
09,https://www.sciencedirect.com/science/article/pii/S1369847823001092
10,https://www.sciencedirect.com/science/article/pii/S2589004223022320
