01,https://www.health.harvard.edu/nutrition/high-protein-foods-the-best-protein-sources-to-include-in-a-healthy-diet
02,https://www.prevention.com/food-nutrition/healthy-eating/g23065278/high-protein-foods/
03,https://www.ncbi.nlm.nih.gov/pmc/articles/PMC5603000/
04,https://www.sciencedirect.com/science/article/abs/pii/S0308814617318526?via%3Dihub
05,https://www.dietdoctor.com/high-protein
06,https://www.eatingwell.com/article/7938628/high-protein-foods-list-according-to-a-dietitian/
07,https://www.nytimes.com/2021/05/06/well/eat/mental-health-food.html
08,https://www.foodbev.com/news/arla-launches-cottage-cheese-as-part-of-arla-protein-product-range/
09,https://www.aetna.com/health-guide/food-affects-mental-health.html
10,https://education.nationalgeographic.org/resource/food/
