01,https://www.sciencedirect.com/science/article/pii/S2211335516301401
02,https://www.tandfonline.com/doi/full/10.1080/07481187.2018.1509908
03,https://www.biodiversitylibrary.org/bibliography/7244
04,https://web-p-ebscohost-com.ezproxy.lib.hkmu.edu.hk/ehost/pdfviewer/pdfviewer?vid=0&sid=68b1e87c-4c1d-47c4-bb17-0b97fe5b23e7%40redis
05,https://www.proquest.com/docview/2433235516/fulltextPDF/AAE10E4CD12849E4PQ/1?accountid=16720
06,https://agupubs-onlinelibrary-wiley-com.ezproxy.lib.hkmu.edu.hk/doi/full/10.1029/2021GL092960
07,https://go-gale-com.ezproxy.lib.hkmu.edu.hk/ps/i.do?p=AONE&u=hkmu&id=GALE|A357760573&v=2.1&it=r
08,https://www-sciencedirect-com.ezproxy.lib.hkmu.edu.hk/science/article/pii/S0048969717332187?via%3Dihub
09,https://www-sciencedirect-com.ezproxy.lib.hkmu.edu.hk/science/article/pii/S0019103522000306?via%3Dihub
10,https://www.proquest.com/docview/2825148558?accountid=16720&parentSessionId=eEIifhKaosYA5iYGMNeWAI9yjqNr%2BGnWbobkHYOl6gc%3D&pq-origsite=primo&sourcetype=Scholarly%20Journals