1,https://www.sciencedirect.com/science/article/abs/pii/S0952197624002720
2,https://www.sciencedirect.com/science/article/abs/pii/S0268401218305024?via%3Dihub
3,https://journals.sagepub.com/doi/epub/10.1177/0887302X19873437
4,https://journals.sagepub.com/doi/epub/10.1177/0887302X20941261
5,https://journals.sagepub.com/doi/pdf/10.1177/00405175221114167
6,https://journals.sagepub.com/doi/pdf/10.1177/0276146713477865
7,https://journals.sagepub.com/doi/pdf/10.1177/1469540518773814
8,https://journals.sagepub.com/doi/pdf/10.1177/0907568207072530
9,https://journals.sagepub.com/doi/pdf/10.1016/j.ausmj.2011.10.004
10,https://journals.sagepub.com/doi/pdf/10.1177/2050157912459497
