index,URL
01,https://www.sciencenews.org/article/brain-implant-depression-electrode-stimulation-target
02,https://www.sciencenews.org/article/sekazi-mtingwa-physics-accelerator-service
03,https://www.science.org/doi/10.1126/science.ade9121
04,https://www.wired.com/sponsored/story/hsbc-frontiers-biotech-anti-aging/
05, https://www.livescience.com/animals/the-most-popular-live-science-stories-of-2023
06,https://www.livescience.com/space/science-news-this-week-atmospheric-holes-and-smarter-glasses
07,https://www.livescience.com/animals/extinct-species/science-news-this-week-an-ancient-blue-dragon-and-atom-size-black-holes
08,https://www.livescience.com/about-live-science
09,https://www.livescience.com/what-is-sleep-talking
10,https://www.livescience.com/best-exercises-for-quads