1,https://seop.illc.uva.nl/search/r?entry=/entries/education-philosophy/&page=1&total_hits=2997&pagesize=10&archive=None&rank=0&query=Philosophy%20of%20Education
2,https://plato.stanford.edu/search/r?entry=/entries/linguistics/&page=1&total_hits=2993&pagesize=10&archive=None&rank=0&query=Philosophy%20of%20Linguistics
3,https://plato.stanford.edu/search/r?entry=/entries/japanese-philosophy/&page=1&total_hits=2173&pagesize=10&archive=None&rank=0&query=Japanese%20Philosophy
4,https://plato.stanford.edu/search/r?entry=/entries/chinese-logic-language/&page=1&total_hits=1251&pagesize=10&archive=None&rank=0&query=Logic%20and%20Language%20in%20Early%20Chinese%20Philosophy
5,https://plato.stanford.edu/search/r?entry=/entries/children/&page=1&total_hits=2923&pagesize=10&archive=None&rank=0&query=Philosophy%20for%20Children
6,https://plato.stanford.edu/search/r?entry=/entries/japanese-confucian/&page=1&total_hits=2180&pagesize=10&archive=None&rank=0&query=Japanese%20Confucian%20Philosophy
7,https://journals.sfu.ca/pie/index.php/pie/article/view/40
8,https://plato.stanford.edu/search/r?entry=/entries/chinese-legalism/&page=1&total_hits=2955&pagesize=10&archive=None&rank=0&query=Legalism%20in%20Chinese%20Philosophy
9,https://education.stateuniversity.com/pages/2320/Philosophy-Education-CURRENT-TRENDS.html
10,http://digitalcommons.lmu.edu/jcat/vol1/iss1/8
