1,https://www.nature.com/articles/s41597-022-01908-z
2,https://dl.acm.org/doi/pdf/10.1145/358027.358048
3,https://www.tandfonline.com/doi/abs/10.1080/01621459.2016.1141684?casa_token=Yg5rN94GAZEAAAAA:6xrRjSyMxDEgpyTZYJRBIHgYLcQ2TRKJW1TQGXE-0_0xZyznLSlv8LE1MvwbdPLBbcKwUrPNXOg
4,https://www.sciencedirect.com/science/article/pii/S0049089X22000904
5,https://www.nature.com/articles/s41467-024-45563-x
6,https://aclanthology.org/D09-1145.pdf
7,https://link.springer.com/article/10.1007/s11192-018-2718-6
8,https://journals.sagepub.com/doi/abs/10.1177/17456916211004899
9,https://pubs.acs.org/doi/full/10.1021/acs.chemmater.0c02553
10,https://www.mdpi.com/1999-4923/13/8/1297
