"01, https://www.nytimes.com/2020/02/13/style/self-care/coffee-benefits.html, https://www.hsph.harvard.edu/nutritionsource/caffeine/"
"02, https://www.hsph.harvard.edu/nutritionsource/food-features/coffee/, https://www.hsph.harvard.edu/nutritionsource/riboflavin-vitamin-b2/"
"03, https://www.hsph.harvard.edu/nutritionsource/magnesium/, https://www.theguardian.com/food/2023/feb/15/the-truth-about-caffeine-how-coffee-really-affects-our-bodies"
"04, https://www.medicalnewstoday.com/articles/270202"
"05, https://www.medicalnewstoday.com/articles/270202"
"06, https://www.healthline.com/nutrition/top-evidence-based-health-benefits-of-coffee, https://www.hopkinsmedicine.org/health/wellness-and-prevention/9-reasons-why-the-right-amount-of-coffee-is-good-for-you, https://www.nytimes.com/2023/09/26/well/eat/coffee-benefits-caffeine-risks.html"
"07, https://www.ncbi.nlm.nih.gov/pmc/articles/PMC8468147/, https://www.eatingwell.com/article/8069479/is-coffee-good-for-you/"
"08, https://edition.cnn.com/2023/03/27/health/coffee-fitness-sleep-heart-effects-wellness/index.html, https://www.ncbi.nlm.nih.gov/pmc/articles/PMC6413001/, https://www.inc.com/jeff-haden/decades-of-research-shows-coffee-makes-you-healthier-happier-but-if-you-want-to-boost-your-energy-level-memory-theres-a-7-day-catch.html"
"09, https://www.washingtonpost.com/wellness/2023/03/22/coffee-heart-palpitations-sleep-exercise/, https://www.vogue.com/article/is-coffee-good-for-you, https://www.rush.edu/news/health-benefits-coffee"
"10, https://cellandbioscience.biomedcentral.com/articles/10.1186/s13578-023-01154-9"
