1,https://www.mdpi.com/2071-1050/12/21/9167
2,https://www.mdpi.com/2071-1050/12/7/2809
3,https://www.sciencedirect.com/science/article/pii/S2352550922001294
4,https://www.emerald.com/insight/content/doi/10.1108/INMR-12-2020-0177/full/html
5,https://www.mdpi.com/2071-1050/12/5/1703
6,https://www.mdpi.com/2227-7390/11/13/2943
7,https://www.tandfonline.com/doi/full/10.1080/02650487.2021.2000125
8,https://www.sciencedirect.com/science/article/pii/S2352550921001998
9,https://www.mdpi.com/2071-1050/13/20/11363
10,https://journals.sagepub.com/doi/full/10.1177/0887302X19873437