﻿1,https://dig.watch/technologies/metaverse,
2,https://dig.watch/technologies/semiconductors,
3,https://dig.watch/technologies/artificial-intelligence,https://hbr.org/2023/08/ai-wont-replace-humans-but-humans-with-ai-will-replace-humans-without-ai
4,https://www.zdnet.com/article/what-is-cloud-computing-everything-you-need-to-know-about-the-cloud/,
5,https://www.sciencedirect.com/science/article/pii/S0308596122000301,
6,https://www.nature.com/articles/s41526-022-00222-7,
7,https://journals.sagepub.com/doi/full/10.1177/0047281619847205,
8,https://journals.sagepub.com/doi/full/10.1177/18479790241229822,
9,https://journals.sagepub.com/doi/full/10.1177/2333794X17736972,
10,https://journals.sagepub.com/doi/full/10.1177/2473974X211018612,
