﻿1,http://time.com/26789/w-eugene-smith-life-magazine-1951-photo-essay-nurse-midwife/
2,https://www.ukessays.com/essays/photography/photography-to-exhibit-the-extinction-of-animals-joel-sartore.php
3,https://edubirdie.com/examples/history-of-photography-essay/
4,https://ivypanda.com/essays/is-photography-an-art-and-why/
5,https://ivypanda.com/essays/walter-benjamins-article-the-invention-of-photography/
6,https://ivypanda.com/essays/photography-as-quick-paced-creative-medium/
7,https://ivypanda.com/essays/mental-warfare-as-represented-by-photography/
8,https://ivypanda.com/essays/the-visual-argument-in-the-photograph/
9,https://ivypanda.com/essays/photographs-depicting-sufferings-of-real-people/
10,https://ivypanda.com/essays/photography-art-creation-amp-reflection/
