"01, https://www.bristol.ac.uk/media-library/sites/history/documents/dissertations/2022,%20Ambasna.pdf"
"02, https://www.bristol.ac.uk/media-library/sites/history/documents/dissertations/2022,%20Brooking.pdf"
"03, https://www.bristol.ac.uk/media-library/sites/history/documents/dissertations/2022,%20Langston.pdf"
"04, https://www.bristol.ac.uk/media-library/sites/history/documents/dissertations/2022,%20Nelson.pdf"
"05, https://www.bristol.ac.uk/media-library/sites/history/documents/dissertations/2022,%20Rosevear.pdf"
"06, https://www.bristol.ac.uk/media-library/sites/history/documents/dissertations/2022,%20Stimpson.pdf"
"07, https://www.bristol.ac.uk/media-library/sites/history/documents/dissertations/2022,%20Woodcock.pdf"
"08, https://www.bristol.ac.uk/media-library/sites/history/documents/dissertations/2021,%20Baker.pdf"
"09, https://www.bristol.ac.uk/media-library/sites/history/documents/dissertations/2021,%20Albrow.pdf"
"10, https://www.bristol.ac.uk/media-library/sites/history/documents/dissertations/2021,%20Bennett%20Remington.pdf"
