1,https://www.livescience.com/health/science-news-this-week-supervolcanoes-and-a-wooden-satellite
2,https://www.livescience.com/human-behavior/10-controversies-that-broke-science-in-2023
3,https://phys.org/news/2024-02-highlights-results-space-station-science.html
4,https://www.eurekalert.org/news-releases/1036519
5,https://www.livescience.com/russian-invasion-ukraine-imperils-science
6,https://goldbio.com/articles/article/2018topscientificdiscoveriesandbreakthroughs
7,https://www.pbs.org/newshour/science/the-smoky-science-behind-what-makes-food-grilled-over-an-open-flame-taste-so-good
8,https://www.theguardian.com/science/2023/dec/23/the-10-biggest-science-stories-of-2023-chosen-by-scientists
9,https://www.science.org/content/article/breakthrough-2022#section_breakthrough
10,https://edition.cnn.com/2020/12/29/world/science-discoveries-2020-scn/index.html
