01,https://kids.britannica.com/students/article/cat/273297,
02,https://www.scientificamerican.com/article/the-inner-life-of-cats/,https://www.theguardian.com/lifeandstyle/2021/dec/08/the-inner-lives-of-cats-what-our-feline-friends-really-think-about-hugs-happiness-and-humans
03,https://www.sciencedirect.com/science/article/abs/pii/0166223679901103#preview-section-abstract,
04,https://www.sciencedirect.com/science/article/pii/S016815912300309X,
05,https://www.ncbi.nlm.nih.gov/pmc/articles/PMC5790555/,"https://felinebehaviorsolutions.com/cats-and-laser-pointers/#:~:text=Not%20so%20much.,cat%20feeling%20frustrated%20and%20unfulfilled."
06,https://www.sciencedirect.com/science/article/pii/S0168159123003180,
07,https://www.sciencedirect.com/science/article/pii/S0960982223010734,
08,https://www.sciencedirect.com/science/article/pii/S0378111923007825,
09,https://www.sciencedirect.com/science/article/pii/S0168159123002332,
10,https://www.nature.com/articles/ncomms2380,https://www.ncbi.nlm.nih.gov/pmc/articles/PMC7415653/
