01,https://www.tandfonline.com/doi/abs/10.1386/jvap.10.1.21_1
02,https://www.mdpi.com/1999-5903/15/6/188
03,https://academic.oup.com/jaac/article/76/3/319/5981411
04,https://onlinelibrary.wiley.com/doi/full/10.1111/jaac.12579
05,https://academic.oup.com/jaac/article/77/4/367/5981532
06,https://www.tandfonline.com/doi/full/10.1080/00043125.2020.1717910
07,https://www.tandfonline.com/doi/full/10.1080/00043125.2018.1505388
08,https://www.widewalls.ch/magazine/art-essays/rosalind-krauss-the-originality-of-the-avant-garde
09,https://www.widewalls.ch/magazine/congolese-sculpture-dutch-pavilion
10,https://www.widewalls.ch/magazine/street-update-229