﻿01,https://www.oecd.org/cfe/leed/cooney_entrepreneurship_skills_HGF.pdf
02,https://www.sciencedirect.com/science/article/pii/S2199853122007806
03,https://journals-sagepub-com.ezproxy.lib.hkmu.edu.hk/doi/full/10.1177/0266242619843234
04,https://journals-sagepub-com.ezproxy.lib.hkmu.edu.hk/doi/full/10.1177/0266242613519807
05,https://journals-sagepub-com.ezproxy.lib.hkmu.edu.hk/doi/full/10.1177/0266242613496443
06,https://journals-sagepub-com.ezproxy.lib.hkmu.edu.hk/doi/full/10.1177/0266242616638422
07,https://journals-sagepub-com.ezproxy.lib.hkmu.edu.hk/doi/full/10.1177/0266242613488614
08,https://journals-sagepub-com.ezproxy.lib.hkmu.edu.hk/doi/full/10.1177/0266242615583566
09,https://journals-sagepub-com.ezproxy.lib.hkmu.edu.hk/doi/full/10.1177/0266242614534280
10,https://journals-sagepub-com.ezproxy.lib.hkmu.edu.hk/doi/epub/10.1177/0266242619867654
