01 ,https://www.annualreviews.org/doi/full/10.1146/annurev.polisci.3.1.43
02 ,https://journals-sagepub-com.ezproxy.lib.hkmu.edu.hk/doi/full/10.1111/1467-9256.12045
03 ,https://journals-sagepub-com.ezproxy.lib.hkmu.edu.hk/doi/full/10.1177/0263395721995016
04 ,https://journals-sagepub-com.ezproxy.lib.hkmu.edu.hk/doi/full/10.1177/0263395716675371
05 ,https://journals-sagepub-com.ezproxy.lib.hkmu.edu.hk/doi/full/10.1177/0263395716653423
06 ,https://journals-sagepub-com.ezproxy.lib.hkmu.edu.hk/doi/full/10.1177/0263395717694401
07 ,https://journals-sagepub-com.ezproxy.lib.hkmu.edu.hk/doi/full/10.1177/0263395715626157
08 ,https://journals-sagepub-com.ezproxy.lib.hkmu.edu.hk/doi/full/10.1177/0263395716661341
09 ,https://journals-sagepub-com.ezproxy.lib.hkmu.edu.hk/doi/full/10.1177/0263395720960661
10 ,https://journals-sagepub-com.ezproxy.lib.hkmu.edu.hk/doi/full/10.1177/0263395716629973
