"01, https://samspo.github.io/Faq/Saldana2014.pdf"
"02, https://ora.ox.ac.uk/objects/uuid:5304bf7f-6214-4939-9f1b-b64415d4fac1/files/m9af54c802a73772faedb4cae10017fd7"
"03, https://www.biorxiv.org/content/biorxiv/early/2018/07/13/168237.full.pdf"
"04, https://people.eng.unimelb.edu.au/ammoffat/abstracts/compsurv19moffat.pdf"
"05, https://d1wqtxts1xzle7.cloudfront.net/55835304/s00357-004-0015-y20180218-32444-1phazve-libre.pdf?1518989333=&response-content-disposition=inline%3B+filename%3DOn_Ultrametricity_Data_Coding_and_Comput.pdf&Expires=1709568166&Signature=CCBxtjjR~Bz7v8FE33~HXyWpWN0XQ4fqyYQjI8dlLiXccLTuQW3AdLqzP84ZCN2Bkt6~gmPJ9TXQjfAlAjtqRXXk~xWB2r77rymmAE5-lhc8nsMVhOT2ntbkmBN4C33V2gtBjgV76zluzM0QfqWPISYxjp49cHVlVu8IU8VSvDQ~zddaSLQuO627UDlyVNYKmnfFqED5kadWAAPeWtEHT5LOF9XcFC1j5EdmdGZCDEPjwe6OYbsZ36WumprJTk4j12EZgblfBX2XrUcfMCE5cKpimIEzoIZtQFRELyDpKxT2gUNOU8~lgOR7NfA7-1QYybYlqSlWyDCNv0sBy7Hhpw__&Key-Pair-Id=APKAJLOHF5GGSLRBV4ZA"
"06, http://redwood.psych.cornell.edu/courses/psych527fall05/papers/Field1994_Sensory.pdf"
"07, https://www.researchgate.net/profile/Alecia-Jackson-2/publication/270481796_Qualitative_Data_Analysis_After_Coding/links/56ae4c3308ae28588c61bae8/Qualitative-Data-Analysis-After-Coding.pdf"
"08, https://citeseerx.ist.psu.edu/document?repid=rep1&type=pdf&doi=857b5f1e340a6daba40f831a6ee66d7bf971d08e"
"09, https://proceedings.neurips.cc/paper/2006/file/2d71b2ae158c7c5912cc0bbde2bb9d95-Paper.pdf"
"10, http://iier.org.au/iier16/moghaddam.html"
