﻿01,https://www.ncbi.nlm.nih.gov/pmc/articles/PMC8217823/,,
02,https://www.britannica.com/technology/photography,,
03,https://streetphotographymagazine.com/article/clock-life-street-photography/,https://www.britannica.com/facts/street-photography,https://www.lensculture.com/articles/serge-j-f-levy-street-photography-as-process
04,https://www.ncbi.nlm.nih.gov/pmc/articles/PMC9156602/,,
05,https://www.britannica.com/technology/holography/Pulsed-laser-holography,,
06,https://photographylife.com/composition-tips-photography,https://photographylife.com/travel-photography-guide,
07,https://www.britannica.com/technology/technology-of-photography,,
08,https://photographylife.com/surf-photography-tips,https://photographylife.com/7-things-all-photographers-need-to-know-about-copyright,https://photographylife.com/is-youtube-for-you
09,https://photographylife.com/understanding-contrast-in-photography,https://photographylife.com/elements-of-photography,
10,https://www.space.com/astrophotography-for-beginners-guide,https://www.naturettl.com/deep-sky-photography-beginners-guide/,