01,https://www.ncbi.nlm.nih.gov/pmc/articles/PMC7922256/
02,https://www.ncbi.nlm.nih.gov/pmc/articles/PMC10676672/
03,https://www.ncbi.nlm.nih.gov/pmc/articles/PMC10316162/
04,https://www.ncbi.nlm.nih.gov/pmc/articles/PMC10490859/
05,https://www.ncbi.nlm.nih.gov/pmc/articles/PMC8834670/
06,https://www.ncbi.nlm.nih.gov/pmc/articles/PMC10127977/
07,https://www.ncbi.nlm.nih.gov/pmc/articles/PMC9024175/
08,https://www.ncbi.nlm.nih.gov/pmc/articles/PMC9820879/
09,https://www.ncbi.nlm.nih.gov/pmc/articles/PMC7882555/
10,https://www.ncbi.nlm.nih.gov/pmc/articles/PMC9737990/
