01,https://www.atlanticcouncil.org/blogs/ukrainealert/putins-new-ukraine-essay-reflects-imperial-ambitions/,https://www.atlanticcouncil.org/blogs/ukrainealert/the-world-cannot-ignore-putins-ukraine-obsession/,https://www.atlanticcouncil.org/blogs/ukrainealert/the-west-must-urgently-arm-ukraine-to-deter-putin/,https://www.atlanticcouncil.org/blogs/ukrainealert/putin-withdraws-troops-but-russo-ukrainian-war-continues/,https://www.atlanticcouncil.org/blogs/ukrainealert/putins-ukraine-war-can-the-west-prevent-a-new-russian-offensive/
02,https://paulcairney.wordpress.com/2018/10/11/teaching-evidence-based-policy-to-fly-how-to-deal-with-the-politics-of-policy-learning-and-transfer/,https://paulcairney.wordpress.com/2017/07/11/policy-concepts-in-1000-words-the-policy-process/,https://paulcairney.wordpress.com/2020/06/19/policy-concepts-in-1000-words-policy-change/,https://paulcairney.wordpress.com/2013/12/21/policy-concepts-in-1000-words-success-and-failure-evaluation/,
03,https://en.wikipedia.org/wiki/Politics,,,,
04,https://en.wikipedia.org/wiki/Political_science,https://en.wikipedia.org/wiki/Comparative_politics,https://en.wikipedia.org/wiki/History_of_political_science,,
05,https://en.wikipedia.org/wiki/International_relations,,,,
06,https://en.wikipedia.org/wiki/Political_polarization,https://en.wikipedia.org/wiki/Social_polarization,,,
07,https://en.wikipedia.org/wiki/Politicization_of_science#,https://en.wikipedia.org/wiki/Policy-based_evidence_making,https://en.wikipedia.org/wiki/Journal_of_Global_Drug_Policy_and_Practice,,
08,https://en.wikipedia.org/wiki/Political_impact_of_the_COVID-19_pandemic,,,,
09,https://en.wikipedia.org/wiki/Identity_politics,,,,
10,https://en.wikipedia.org/wiki/Political_party,,,,
