1,https://hkmu.primo.exlibrisgroup.com/permalink/852HKMU_INST/cgdiqb/alma990006302340108061
2,https://hkmu.primo.exlibrisgroup.com/permalink/852HKMU_INST/1vlvsf0/cdi_openaire_primary_doi_3691932b2087e63936ceee333775d625
3,https://hkmu.primo.exlibrisgroup.com/permalink/852HKMU_INST/cgdiqb/alma990003557540108061
4,https://link.springer.com/chapter/10.1007/978-3-7643-8142-4_292
5,https://www.mdpi.com/2071-1050/15/17/13074
6,https://www.mdpi.com/2071-1050/16/6/2291
7,https://www.mdpi.com/2071-1050/16/6/2292
8,https://www.mdpi.com/2071-1050/16/6/2288
9,https://www.mdpi.com/2071-1050/16/6/2279
10,https://www.mdpi.com/2071-1050/16/6/2282
