1,https://www.studymode.com/essays/Hotel-Management-1478269.html#google_vignette
2,https://www.studymode.com/essays/Hotel-Management-1478270.html#google_vignette
3,https://www.studymode.com/essays/Hotel-Management-1478271.html#google_vignette
4,https://www.studymode.com/essays/Hotel-Management-1478272.html#google_vignette
5,https://www.studymode.com/essays/Hotel-Management-1478273.html#google_vignette
6,https://www.studymode.com/essays/Hotel-Management-1478274.html#google_vignette
7,https://www.studymode.com/essays/Hotel-Management-1478275.html#google_vignette
8,https://www.studymode.com/essays/Hotel-Management-1478276.html#google_vignette
9,https://www.studymode.com/essays/Hotel-Management-1478277.html#google_vignette
10,https://www.studymode.com/essays/Hotel-Management-1478278.html#google_vignette
