1,https://onlinelibrary-wiley-com.ezproxy.lib.hkmu.edu.hk/doi/full/10.1111/pops.12855
2,https://www-sciencedirect-com.ezproxy.lib.hkmu.edu.hk/science/article/pii/S0747563223004028?via%3Dihub
3,https://www-sciencedirect-com.ezproxy.lib.hkmu.edu.hk/science/article/pii/S0022395621003216?via%3Dihub
4,https://www.frontiersin.org/journals/psychiatry/articles/10.3389/fpsyt.2019.00454/full
5,https://www-sciencedirect-com.ezproxy.lib.hkmu.edu.hk/science/article/pii/S0747563216308093?via%3Dihub
6,https://www-sciencedirect-com.ezproxy.lib.hkmu.edu.hk/science/article/pii/S0747563216302175?via%3Dihub
7,https://onlinelibrary-wiley-com.ezproxy.lib.hkmu.edu.hk/doi/full/10.1111/add.16211
8,https://web-p-ebscohost-com.ezproxy.lib.hkmu.edu.hk/ehost/detail/detail?vid=1&sid=769cbdbd-8741-47f1-825e-d463945af503%40redis&bdata=JnNpdGU9ZWhvc3QtbGl2ZSZzY29wZT1zaXRl#AN=154892141&db=sih
9,https://www-sciencedirect-com.ezproxy.lib.hkmu.edu.hk/science/article/pii/S002239560800229X?via%3Dihub
10,https://go-gale-com.ezproxy.lib.hkmu.edu.hk/ps/i.do?p=AONE&u=hkmu&id=GALE%7CA725120992&v=2.1&it=r
