﻿1,https://en.wikipedia.org/wiki/Book
2,https://www.intechopen.com/chapters/49321
3,https://www.intechopen.com/chapters/75965
4,https://www.intechopen.com/chapters/74524
5,https://thehoneycombers.com/hong-kong/best-poetry-books-to-read/
6,https://thehoneycombers.com/hong-kong/hong-kong-book-fair-2018/
7,https://en.wikipedia.org/wiki/List_of_best-selling_books
8,https://www.panmacmillan.com/blogs/general/must-read-books-of-all-time
9,https://movementstrategy.org/blog_post/building-bridges-beyond-banned-books/?gad_source=1&gclid=EAIaIQobChMI2KOk-bDnhAMVNhR7Bx0K8Q9-EAAYBCAAEgJYQfD_BwE
10,https://bookauthority.org/books/best-interaction-design-books
