1,https://www.emerald.com/insight/content/doi/10.1108/13612020310496994/full/html?casa_token=1U57yKJaNhsAAAAA:9OKXI-Hxiuptmqaor5-V2eSMKgqfm4pwZoltVEBqpVb3QkN6FO0e4HmKC6XT5vycKgjN9jJEj9Pb7pRqoAOgQYiUuWqQYZ6EsTw-KsIAr7dDtCbIFw
2,https://www.mdpi.com/2071-1050/9/7/1266
3,https://www.emerald.com/insight/content/doi/10.1108/RJTA-03-2018-0023/full/pdf?casa_token=8P29f2CZ8R0AAAAA:Vfl6VU5vlm0bLEoQFcWDdzEP3G8Dj_yf5NE-P4us6JncgYMPnoFS6bi7QiSBH6qNcLRN5qmcD4jKNs39zNGHMHhd2Wy4JhKem_NOJTIPRr3cEaaqYA
4,https://www.mdpi.com/2075-471X/8/4/27
5,https://fashionandtextiles.springeropen.com/articles/10.1186/s40691-018-0164-y?ref=buffer.com
6,https://journals.sagepub.com/doi/full/10.1179/1024529414Z.00000000059?casa_token=mODTbSia08IAAAAA%3AKWNzpQzUdVRmwtsRo2fhUxYwVsMVbkWIkquIG-6-OLtX47BCoRqjBS6N8ffGw6UGOvHN8Otw7Oc
7,https://d1wqtxts1xzle7.cloudfront.net/56294674/Faerm_Towards_A_Future_Pedagogy_The_Evolution_of_Fashion_Design_Education_IJHSS-libre.pdf?1523455170=&response-content-disposition=inline%3B+filename%3DTowards_a_Future_Pedagogy_The_Evolution.pdf&Expires=1710159360&Signature=W1F1sYaNWsaF-0KcnSaUNQjudv2W0WPFt6PKG9XUTBJa20sEo-X8jofh6mg2SQtmaDXRydtVZOf2YrdGdi1W3tT4zhGX9QWquZ50AsF1pDABNZlpVKmz6PMzagZOeE1ewLMBCcKcHQqAJK9op~F3u-QzXjWFl8onnUfr0g-NFbfPkunzB~vLAAsA-gdipGg3eYK6yDdTiIoZ8wBOJbgtuk6d8ugyxiHCuQasjaF53mmD9GLJnY8LyYFMDWhXgBqWY3b-cg-UAgoXEyekMrOM7-cZ2unXVD1YKmJy50AwNCSta6wuKkn0egxCadzAPmeneos6XI3oMeUbbW7gKeigvg__&Key-Pair-Id=APKAJLOHF5GGSLRBV4ZA
8,https://www.emerald.com/insight/content/doi/10.1108/13612020610651097/full/pdf?casa_token=xQPv55GkNioAAAAA:C36GEK9aueO6zwtMwwRtg-ikIV5tOe9jcN7-eNuG_Pq9Jy0ajTlyN5bdenZl9Se6uTVCnLEh2o0kI1ka11QGfnHIt75Sn__3Ow8cW68C5pXOC91GXA
9,https://www.tandfonline.com/doi/pdf/10.2752/136270402778869091?casa_token=cDOdsOW-akMAAAAA:Ow-ekWTmVAV_YE2S_0Gs0DmHBnR6G1PI37Eyp0h0zGFhKkxDVEBI6a9sx72g-wOSh0jVUd1aGFY
10,https://www.tandfonline.com/doi/full/10.1080/00213624.2019.1668340?casa_token=lSW3Uu_FZKcAAAAA%3A9cq9RD5c7luP4JizT8OKkSncvMOJ8zkkiwZKziogTW1lNeD-1dmm0L-RcGRFlJ7FSXM9Zx7V6Pk
