1,https://onlinelibrary.wiley.com/doi/epdf/10.1111/j.1365-294X.2007.03428.x
2,https://www.cell.com/trends/ecology-evolution/abstract/S0169-5347(08)00129-8
3,Identifying teaching in wild animals | Learning & Behavior (springer.com)
4,Disease in Wild Animals: Investigation and Management | SpringerLink
5,https://www.sciencedirect.com/science/article/pii/S0305440303001638?casa_token=VwKdANmR9mkAAAAA:4gBDkFLF7h6h6VHsf9AKOvDlujRc3DkUGpktQ37SJWEp-XaER1RZchPAf8OCoXvMSkWRXzt_Xw
6,https://www.sciencedirect.com/science/article/pii/S0018506X0200017X?casa_token=MGDo4FMYcMoAAAAA:p8u2Hh-UiupiqH-PDOfpzx2EC67uxYByAB4Rf6jhem_Om5iJuT6uXAYvRqPk8bTyElk5Rxr5-w
7,https://www.jstor.org/stable/20142820
8,https://www.tdx.cat/handle/10803/385919
9,https://esajournals.onlinelibrary.wiley.com/doi/abs/10.1890/1540-9295(2006)004[0147:MDOWAW]2.0.CO;2
10,https://www.tandfonline.com/doi/full/10.3402/iee.v1i0.7346
