01,https://www.sciencedirect.com/science/article/abs/pii/S016786552200188X
02,https://eprints.ugd.edu.mk/11385/1/securware_2014_2_10_30013.pdf
03,https://patents.google.com/patent/US20070025444A1/en
04,https://getthematic.com/insights/coding-qualitative-data/
05,https://study.sagepub.com/sites/default/files/analyzing-qualitative-da.pdf
06,https://pages.cpsc.ucalgary.ca/~saul/wiki/uploads/CPSC681/opencoding.pdf
07,https://www.igi-global.com/pdf.aspx?tid%3D160363%26ptid%3D118877%26ctid%3D17%26t%3Da+different+approach+to+coding%26isxn%3D9781466679498
08,https://dl.acm.org/doi/pdf/10.1145/3375546
09,https://jov.arvojournals.org/article.aspx?articleid=2191858
10,https://www.sciencedirect.com/science/article/abs/pii/S1755534516300781
