﻿"01 https://www.nwf.org/Educational-Resources/Wildlife-Guide/Threats-to-Wildlife/Climate-Change/Habitats,https://www.nwf.org/Educational-Resources/Wildlife-Guide/Threats-to-Wildlife/Climate-Change/Habitats/Estuaries-and-Coastal-Wetlands,https://www.nwf.org/Educational-Resources/Wildlife-Guide/Threats-to-Wildlife/Climate-Change/Habitats/Coral-Reefs,Eastern Hemlock Forests,https://www.nwf.org/Educational-Resources/Wildlife-Guide/Threats-to-Wildlife/Climate-Change/Habitats/Mangroves,https://www.nwf.org/Educational-Resources/Wildlife-Guide/Threats-to-Wildlife/Climate-Change/Habitats/Sagebrush-Steppe,https://www.nwf.org/Educational-Resources/Wildlife-Guide/Threats-to-Wildlife/Climate-Change/Habitats/Southwestern-Streams,https://www.nwf.org/Educational-Resources/Wildlife-Guide/Threats-to-Wildlife/Climate-Change/Habitats/Western-Forests,https://www.nwf.org/Educational-Resources/Wildlife-Guide/Threats-to-Wildlife/Climate-Change/Habitats/Southern-Forests"
"02 https://www.nature.com/articles/s41562-021-01109-5,https://www.nature.com/articles/d42473-021-00374-2,https://www.ncbi.nlm.nih.gov/pmc/articles/PMC7998897/"
"03 https://wwf.panda.org/discover/our_focus/wildlife_practice/problems/habitat_loss_degradation/,https://wwf.panda.org/discover/knowledge_hub/endangered_species/cetaceans/threats/habitat_protection/,https://www.bing.com/search?q=how+clinate+change+affect+wildlife&form=ANNTH1&refig=4810b2abcd1943cb9ebf708bc42d8077&pc=U531,https://www.ehn.org/plastic-pollution-101-2646027569/how-is-plastic-killing-animals,https://earth.org/plastic-pollution-animals/"
"04  https://www.tandfonline.com/doi/full/10.1080/20964471.2023.2193281,https://www.unodc.org/unodc/en/data-and-analysis/wildlife.html"
05 https://www.sciencedirect.com/science/article/pii/S2351989424000763
06 https://www.sciencedirect.com/science/article/pii/S2666937423000112
07 https://www.sciencedirect.com/science/article/pii/S1470160X24000979
08 https://www.sciencedirect.com/science/article/pii/S0167587723002131
09 https://www.sciencedirect.com/science/article/pii/S2213224424000099
10 https://www.sciencedirect.com/science/article/pii/S0301479723013907
