"01, https://worldhappiness.report/ed/2023/the-happiness-agenda-the-next-10-year/"
"02, https://www.nytimes.com/article/how-to-be-happy.html"
"03, https://hbr.org/2021/01/what-you-were-taught-about-happiness-isnt-true, https://www.helpguide.org/articles/mental-health/cultivating-happiness.htm"
"04, https://positivepsychology.com/happiness/, https://time.com/collection/guide-to-happiness/4070299/secret-to-happiness/"
"05, https://www.ncbi.nlm.nih.gov/pmc/articles/PMC3008658/"
"06, https://hqlo.biomedcentral.com/articles/10.1186/s12955-020-01423-y"
"07, https://positivepsychology.com/what-is-happiness/, https://www.theguardian.com/lifeandstyle/2012/jun/15/happiness-is-being-a-loser-burkeman"
"08, https://www.nytimes.com/2003/09/07/magazine/the-futile-pursuit-of-happiness.html?pagewanted=print, https://knowledge.wharton.upenn.edu/article/does-money-buy-happiness-heres-what-the-research-says/"
"09, https://www.motherjones.com/politics/2007/03/reversal-fortune/"
"10, https://www.verywellmind.com/what-is-happiness-4869755, https://www.bbc.com/future/article/20210105-why-our-pursuit-of-happiness-may-be-flawed"
