﻿01,https://www.scmp.com/news/china/science/article/3254491/chinas-mars-sample-return-mission-progressing-smoothly-while-nasa-struggles-behind-schedule,https://www.scmp.com/news/china/science/article/3254419/brand-new-discovery-chinese-scientists-uncover-genetic-secret-behind-brown-pandas,https://www.scmp.com/news/china/science/article/3254360/can-china-pull-itself-out-middle-technology-trap-and-challenge-us-top,https://www.scmp.com/news/china/science/article/3254398/two-sessions-2024-chinas-top-advisory-body-told-ai-gap-us-widening,https://www.scmp.com/news/china/science/article/3254256/chinas-top-science-discoveries-reveal-research-momentum-challenges-funding-and-innovation,https://www.scmp.com/news/china/science/article/3254290/china-makes-science-and-tech-budget-priority-10-jump-spending
02,https://en.wikipedia.org/wiki/Science,,,,,
03,https://en.wikipedia.org/wiki/Science,https://www.bbc.com/news/science-environment-68486462,https://www.bbc.com/news/science-environment-68500649,https://www.bbc.com/news/science-environment-68425211,https://www.bbc.com/news/science-environment-68406880,
04,https://www.nature.com/articles/s41401-023-01219-y,https://www.nature.com/articles/s41401-024-01235-6,,,,
05,https://www.nature.com/articles/s41401-024-01232-9,,,,,
06,https://www.nature.com/articles/s41401-024-01235-6,,,,,
07,https://www.nature.com/articles/s41388-023-02919-9,https://www.nature.com/articles/s41388-023-02923-z,,,,
08,https://www.nature.com/articles/s41388-023-02887-0,https://www.nature.com/articles/s41388-024-02954-0,,,,
09,https://www.nature.com/articles/s41388-024-02954-0,,,,,
10,https://www.nature.com/articles/s41388-024-02938-0,https://www.nature.com/articles/s41388-024-02950-4,,,,
