01,https://allthatcooking.com/history-of-cooking/
02,https://uou.ac.in/sites/default/files/slm/BHM-201T.pdf
03,https://navttc.gov.pk/MatricTechBooks/10thclass/FundamentalsofCooking10.pdf
04,https://www.sciencedirect.com/science/article/pii/S2590157522003406
05,https://www.frontiersin.org/articles/10.3389/fnut.2022.1017014/full
06,https://www.tandfonline.com/doi/full/10.1080/07409710.2023.2228032
07,https://educate.bankstreet.edu/cgi/viewcontent.cgi?article=1178&context=independent-studies
08,https://wtf.tw/ref/mcgee.pdf
09,https://www.mdpi.com/2304-8158/12/23/4322
10,https://www.sciencedirect.com/science/article/pii/S0023643823003201
